"ts;""comp_amt"";""comp_rgainfinal"";""comp_round"";""num"";""id"";""gr"";""lang"""
"2024-10-08 02:00:10;50000;313257;1;121;""oI"";""2"";1"
"2024-10-08 02:00:22;50000;648312;5;122;""DT"";""1"";1"
"2024-10-08 03:05:08;50000;0;9;123;""7T"";""1"";1"
"2024-10-08 03:34:30;50000;959594;7;124;""bX"";""2"";1"
"2024-10-08 04:20:39;50000;787414;9;125;""Dg"";""2"";1"
"2024-10-08 07:52:27;100000;1044459;11;126;""0P"";""1"";1"
"2024-10-08 21:41:30;50000;0;3;127;""DL"";""2"";1"
"2024-10-09 04:36:51;50000;915019;10;128;""5u"";""2"";1"
"2024-10-09 12:02:34;50000;757373;3;129;""5Q"";""2"";1"
"2024-10-10 02:47:56;100000;4877447;14;130;""EP"";""1"";1"
"2024-10-10 03:10:23;100000;1557674;12;131;""W0"";""1"";1"
"2024-10-10 11:52:50;50000;856282;11;132;""cu"";""1"";1"
"2024-10-10 12:25:33;50000;960136;10;133;""Wb"";""1"";1"
"2024-10-10 12:35:21;50000;960136;10;134;""Wb"";""1"";1"
"2024-10-10 13:01:45;50000;574113;8;135;""zi"";""1"";1"
"2024-10-10 13:11:54;100000;1024326;11;136;""LK"";""2"";1"
"2024-10-10 13:33:11;50000;844938;11;137;""pW"";""2"";1"
"2024-10-10 13:56:29;100000;4836932;15;138;""Wi"";""1"";1"
"2024-10-10 15:14:49;50000;313442;2;139;""La"";""2"";1"
"2024-10-10 15:15:39;50000;793541;7;140;""SH"";""1"";1"
"2024-10-10 15:16:54;50000;741405;6;141;""ll"";""2"";1"
"2024-10-10 15:17:17;100000;1176140;13;142;""4q"";""2"";1"
"2024-10-10 15:19:24;100000;4493470;13;143;""dO"";""1"";1"
"2024-10-10 15:25:42;50000;949353;10;144;""gK"";""2"";1"
"2024-10-10 16:38:16;50000;0;2;145;""P3"";""2"";1"
"2024-10-10 17:46:10;50000;656414;3;146;""pb"";""2"";1"
"2024-10-10 17:46:53;50000;557790;3;147;""kJ"";""1"";1"
"2024-10-10 18:07:18;100000;1154792;12;148;""c6"";""1"";1"
"2024-10-10 18:42:27;200000;5732063;15;149;""22"";""2"";1"
"2024-10-10 19:10:23;100000;1041013;5;150;""PL"";""1"";1"
"2024-10-10 19:27:19;50000;384765;2;151;""gW"";""1"";1"
"2024-10-10 19:34:23;100000;1245253;4;152;""mz"";""2"";1"
"2024-10-11 01:26:39;50000;404873;2;153;""7R"";""2"";1"
"2024-10-11 01:38:25;100000;4836932;14;154;""ps"";""1"";1"
"2024-10-11 07:07:46;50000;411389;10;155;""Ny"";""1"";1"
"2024-10-11 07:12:00;200000;5249238;15;156;""nz"";""2"";1"
"2024-10-11 09:53:04;5;885252;9;157;""fW"";""1"";0"
"2024-10-11 11:13:52;50000;980821;10;158;""sE"";""2"";1"
"2024-10-11 11:15:37;50000;479836;8;159;""fx"";""2"";1"
"2024-10-11 11:18:21;50000;449972;2;160;""Sj"";""1"";1"
"2024-10-11 11:20:15;50000;883909;5;161;""lJ"";""1"";1"
"2024-10-11 11:22:36;100000;1134400;4;162;""v4"";""2"";1"
"2024-10-11 11:33:29;100000;1024326;11;163;""KO"";""2"";1"
"2024-10-11 12:32:11;50000;666642;9;164;""c0"";""1"";1"
"2024-10-11 15:08:33;50000;411624;11;165;""85"";""1"";1"
"2024-10-11 15:32:58;50000;807986;7;166;""DO"";""2"";1"
"2024-10-11 15:58:50;50000;741501;9;167;""Hy"";""1"";1"
"2024-10-11 15:59:31;50000;329708;2;168;""VN"";""2"";1"
"2024-10-11 16:28:28;50000;764032;11;169;""CT"";""2"";1"
"2024-10-11 23:45:10;100000;4899448;15;170;""hf"";""1"";1"
"2024-10-12 02:59:36;50000;0;11;171;""mG"";""1"";1"
"2024-10-12 04:08:50;50000;653096;7;172;""mL"";""2"";1"
"2024-10-12 04:11:57;50000;445110;2;173;""gQ"";""2"";1"
"2024-10-12 04:26:57;50000;0;13;174;""m0"";""1"";1"
"2024-10-12 04:34:31;50000;798471;6;175;""rb"";""2"";1"
"2024-10-12 05:07:43;50000;625194;3;176;""l5"";""1"";1"
"2024-10-12 05:40:21;50000;936168;9;177;""bA"";""1"";1"
"2024-10-12 05:56:30;50000;653096;7;178;""49"";""2"";1"
"2024-10-12 07:22:27;100000;4836932;15;179;""GC"";""2"";1"
"2024-10-12 09:45:08;100000;1018852;4;180;""ZE"";""1"";1"
"2024-10-12 10:24:07;100000;1354778;12;181;""kK"";""2"";1"
"2024-10-12 10:57:14;100000;1025188;11;182;""r0"";""1"";1"
"2024-10-12 10:59:53;50000;940808;10;183;""fr"";""2"";1"
"2024-10-12 11:25:24;50000;773436;6;184;""J8"";""2"";1"
"2024-10-12 12:18:20;50000;0;10;185;""Uy"";""2"";1"
"2024-10-12 12:33:12;50000;418104;11;186;""bl"";""2"";1"
"2024-10-12 13:31:57;50000;322601;2;187;""nz"";""2"";1"
"2024-10-12 14:10:30;50000;655840;6;188;""w1"";""1"";1"
"2024-10-12 14:26:16;50000;682744;6;189;""ke"";""1"";1"
"2024-10-12 14:38:30;50000;0;5;190;""G2"";""1"";1"
"2024-10-12 15:02:43;50000;814270;5;191;""nw"";""2"";1"
"2024-10-12 15:25:05;50000;-153469;6;192;""7J"";""2"";1"
"2024-10-12 20:28:27;100000;1011396;5;193;""48"";""1"";1"
"2024-10-12 21:16:29;50000;632779;8;194;""u1"";""2"";1"
"2024-10-13 00:15:09;100000;1011396;5;195;""q0"";""2"";1"
"2024-10-13 01:44:24;100000;1937096;15;196;""gR"";""2"";1"
"2024-10-13 02:36:43;100000;1937096;15;197;""gR"";""2"";1"
"2024-10-13 02:37:53;100000;1033291;5;198;""rv"";""2"";1"
"2024-10-13 03:00:20;100000;4836932;14;199;""x8"";""2"";1"
"2024-10-13 03:00:58;200000;5220976;15;200;""53"";""1"";1"
"2024-10-13 03:27:08;100000;1572500;12;201;""fR"";""1"";1"
"2024-10-13 05:28:15;100000;4043060;15;202;""Yt"";""2"";1"
"2024-10-13 06:53:04;50000;-820594;11;203;""N3"";""1"";1"
"2024-10-13 07:09:38;200000;5093920;14;204;""ua"";""1"";1"
"2024-10-13 07:35:33;100000;3912991;14;205;""JI"";""2"";1"
"2024-10-13 08:48:29;50000;324709;1;206;""QZ"";""2"";1"
"2024-10-13 08:50:03;50000;-926425;4;207;""zc"";""1"";1"
"2024-10-13 09:37:48;50000;629163;7;208;""Yu"";""1"";1"
"2024-10-13 10:38:17;50000;495878;8;209;""s9"";""2"";1"
"2024-10-13 13:26:20;50000;704391;6;210;""dG"";""1"";1"
"2024-10-13 14:12:40;200000;5296430;14;211;""uC"";""1"";1"
"2024-10-13 14:31:08;100000;4269043;15;212;""3N"";""2"";1"
"2024-10-13 14:36:38;50000;0;9;213;""19"";""1"";1"
"2024-10-13 14:54:27;100000;4480684;15;214;""Lf"";""2"";1"
"2024-10-13 15:23:40;100000;1316768;12;215;""6u"";""1"";1"
"2024-10-13 16:26:59;50000;416397;2;216;""4X"";""2"";1"
"2024-10-13 20:44:04;50000;0;9;217;""wZ"";""1"";1"
"2024-10-13 23:18:26;50000;750038;10;218;""4X"";""2"";1"
"2024-10-14 02:21:31;50000;-153469;11;219;""Rx"";""1"";1"
"2024-10-14 02:21:31;50000;-153469;11;220;""Rx"";""1"";1"
"2024-10-14 03:44:04;50000;-153469;13;221;""Tq"";""1"";1"
"2024-10-14 07:23:33;50000;0;11;222;""z0"";""2"";1"
"2024-10-14 07:50:15;50000;0;4;223;""81"";""1"";1"
"2024-10-14 11:26:10;50000;787414;9;224;""XK"";""1"";1"
"2024-10-14 12:05:00;100000;1135639;4;225;""iC"";""2"";1"
"2024-10-14 14:02:58;100000;4546128;14;226;""dt"";""1"";1"
"2024-10-14 16:16:24;100000;1116024;12;227;""7L"";""2"";1"
"2024-10-15 01:47:21;50000;-150654;2;228;""8x"";""2"";1"
"2024-10-15 05:32:59;50000;-190875;11;229;""PK"";""1"";1"
"2024-10-15 05:43:31;100000;3870320;14;230;""wD"";""2"";1"
"2024-10-15 09:56:12;100000;3599249;13;231;""MC"";""1"";1"
"2024-10-15 13:15:10;50000;881147;11;232;""Dn"";""2"";1"
"2024-10-15 14:03:23;50000;-195008;3;233;""ka"";""2"";1"
"2024-10-16 11:44:02;50000;630324;7;234;""4A"";""1"";1"
"2024-10-16 12:22:40;200000;5596232;15;235;""Qd"";""1"";1"
"2024-10-16 12:49:56;50000;659373;9;236;""PK"";""1"";1"
"2024-10-16 12:50:13;50000;659373;9;237;""PK"";""1"";1"
"2024-10-16 12:50:45;200000;5255661;14;238;""Wl"";""2"";1"
"2024-10-16 12:59:28;200000;6132826;15;239;""hU"";""2"";1"
"2024-10-16 13:12:56;100000;4049420;15;240;""K5"";""1"";1"
"2024-10-16 13:42:47;50000;0;3;241;""vv"";""2"";1"
"2024-10-16 13:42:53;50000;0;12;242;""Mk"";""1"";1"
"2024-10-16 13:42:53;50000;0;11;243;""HQ"";""2"";1"
"2024-10-16 14:18:14;200000;5407869;15;244;""cG"";""2"";1"
"2024-10-16 14:32:44;100000;1503503;12;245;""Pl"";""1"";1"
"2024-10-16 14:38:47;200000;6155376;15;246;""IZ"";""1"";1"
"2024-10-16 14:49:44;50000;0;10;247;""Sl"";""2"";1"
"2024-10-16 15:08:24;50000;0;2;248;""A0"";""1"";1"
"2024-10-16 15:18:48;50000;862648;11;249;""qs"";""2"";1"
"2024-10-16 15:27:08;200000;5896526;14;250;""eX"";""2"";1"
"2024-10-16 15:41:41;50000;0;7;251;""iX"";""1"";1"
"2024-10-16 16:02:15;50000;0;9;252;""WB"";""2"";1"
"2024-10-16 16:44:30;50000;761839;9;253;""2r"";""1"";1"
"2024-10-16 17:11:51;50000;0;4;254;""1c"";""1"";1"
"2024-10-16 17:19:04;200000;5912473;15;255;""uw"";""2"";1"
"2024-10-16 17:20:38;50000;576808;8;256;""Ww"";""2"";1"
"2024-10-16 22:26:16;50000;0;6;257;""F3"";""1"";1"
"2024-10-17 07:17:44;100000;4493471;13;258;""gf"";""2"";1"
"2024-10-17 16:10:25;100000;3481985;13;259;""P4"";""2"";1"
"2024-10-17 16:50:13;200000;5196407;14;260;""C6"";""1"";1"
"2024-10-17 17:32:02;100000;1648493;12;261;""uj"";""2"";1"
"2024-10-17 18:14:29;50000;320167;2;262;""d5"";""1"";1"
"2024-10-17 18:56:24;50000;763850;9;263;""JZ"";""2"";1"
"2024-10-18 01:17:19;200000;5000001;14;264;""Ay"";""2"";1"
"2024-10-18 01:50:29;50000;656414;3;265;""Yd"";""2"";1"
"2024-10-18 04:51:43;50000;-362081;11;266;""an"";""2"";1"
"2024-10-18 15:12:55;50000;0;3;267;""fh"";""1"";1"
"2024-10-18 15:17:12;100000;3122133;13;268;""Cm"";""1"";1"
"2024-10-18 15:17:27;50000;0;6;269;""fh"";""1"";1"
"2024-10-18 15:39:44;200000;6971001;14;270;""fh"";""1"";1"
"2024-10-18 15:43:11;50000;0;5;271;""fh"";""1"";1"
"2024-10-18 15:44:46;200000;5021320;15;272;""fh"";""1"";1"
"2024-10-18 15:57:19;200000;5699321;14;273;""rg"";""1"";1"
"2024-10-18 16:00:15;50000;0;11;274;""30"";""2"";1"
"2024-10-18 16:07:05;100000;4516242;13;275;""UO"";""2"";1"
"2024-10-18 16:13:27;200000;5159369;14;276;""5E"";""1"";1"
"2024-10-18 16:14:56;200000;5525870;15;277;""xC"";""1"";1"
"2024-10-18 16:23:37;200000;5517280;14;278;""nu"";""2"";1"
"2024-10-18 16:36:01;200000;6213790;15;279;""WG"";""2"";1"
"2024-10-19 02:18:10;100000;4561657;14;280;""sW"";""1"";1"
"2024-10-19 06:41:51;50000;-412915;1;281;""RP"";""2"";1"
"2024-10-19 09:14:58;200000;5481316;15;282;""Ty"";""1"";1"
"2024-10-19 09:37:54;200000;5790217;15;283;""Cn"";""2"";1"
"2024-10-19 11:32:07;50000;292904;1;284;""v9"";""2"";1"
"2024-10-19 16:42:49;50000;-812897;5;285;""ak"";""1"";1"
"2024-10-19 23:25:46;100000;4096536;14;286;""0u"";""2"";1"
"2024-10-20 01:20:20;50000;-810419;13;287;""de"";""1"";1"
"2024-10-20 07:35:16;50000;0;4;288;""iU"";""2"";1"
"2024-10-20 10:46:35;50000;585760;6;289;""Vj"";""2"";1"
"2024-10-20 10:54:47;50000;278895;1;290;""do"";""1"";1"
"2024-10-20 11:15:31;50000;-812897;15;291;""54"";""1"";1"
"2024-10-20 12:28:56;50000;-195008;14;292;""Xl"";""1"";1"
"2024-10-20 13:02:47;50000;0;8;293;""i5"";""2"";1"
"2024-10-20 15:34:30;50000;0;9;294;""uP"";""2"";1"
"2024-10-20 15:37:41;50000;859998;9;295;""eg"";""1"";1"
"2024-10-20 16:00:45;50000;772862;6;296;""wS"";""2"";1"
"2024-10-21 12:51:34;50000;621538;7;297;""pZ"";""2"";1"
"2024-10-23 04:29:32;200000;5010578;15;298;""SK"";""2"";1"
"2024-10-23 05:01:25;100000;4679872;13;299;""FR"";""1"";1"
"2024-10-23 06:51:58;200000;5513860;14;300;""MT"";""1"";1"
"2024-10-23 07:05:09;200000;5460965;15;301;""sq"";""2"";1"
"2024-10-23 11:49:41;50000;323899;2;302;""lX"";""1"";1"
"2024-10-23 11:57:39;200000;5788733;14;303;""C2"";""2"";1"
"2024-10-23 12:14:23;200000;5468145;15;304;""il"";""1"";1"
"2024-10-23 13:03:42;100000;4463676;13;305;""oL"";""2"";1"
"2024-10-23 13:25:51;100000;4743304;13;306;""CA"";""1"";1"
"2024-10-23 13:42:02;200000;5232431;14;307;""3w"";""2"";1"
"2024-10-23 15:39:44;200000;5875718;15;308;""IO"";""2"";1"
"2024-10-23 15:50:25;200000;6069756;15;309;""mT"";""1"";1"
"2024-10-23 15:55:48;200000;6903391;15;310;""QY"";""2"";1"
"2024-10-23 16:16:11;100000;1454199;12;311;""xQ"";""1"";1"
"2024-10-23 16:19:24;100000;4043060;15;312;""xQ"";""1"";1"
"2024-10-23 16:25:27;200000;6067735;15;313;""l2"";""1"";1"
"2024-10-23 16:26:01;200000;5691283;15;314;""1e"";""2"";1"
"2024-10-23 16:26:30;200000;5691283;15;315;""1e"";""2"";1"
"2024-10-23 17:09:58;100000;4472576;15;316;""fv"";""2"";1"
"2024-10-23 18:10:58;50000;0;9;317;""WR"";""1"";1"
"2024-10-24 02:29:03;50000;-362081;7;318;""iU"";""1"";1"
"2024-10-24 10:33:40;100000;3799130;13;319;""NF"";""1"";1"
"2024-10-24 11:52:30;50000;914260;10;320;""yN"";""2"";1"
"2024-10-24 12:02:09;100000;1033291;5;321;""MY"";""1"";1"
"2024-10-24 14:13:18;200000;5851883;15;322;""JZ"";""2"";1"
"2024-10-24 14:21:19;200000;5754955;14;323;""5Q"";""1"";1"
"2024-10-24 14:38:14;200000;6068265;14;324;""1C"";""1"";1"
"2024-10-24 14:55:58;200000;5761142;14;325;""WJ"";""1"";1"
"2024-10-24 15:03:58;50000;705744;3;326;""0i"";""2"";1"
"2024-10-24 15:21:58;200000;5961566;14;327;""pz"";""2"";1"
"2024-10-24 15:32:22;50000;0;8;328;""sB"";""2"";1"
"2024-10-24 15:53:22;100000;4637773;15;329;""Tc"";""1"";1"
"2024-10-25 08:15:41;200000;5745105;15;330;""kL"";""2"";1"
"2024-10-25 11:00:41;50000;621538;7;331;""Us"";""1"";1"
"2024-10-25 17:55:58;50000;643004;7;332;""aY"";""1"";1"
"2024-10-25 18:29:35;50000;816369;7;333;""N0"";""1"";1"
"2024-10-25 22:09:33;50000;0;14;334;""ou"";""2"";1"
"2024-10-25 22:55:09;50000;445097;8;335;""SB"";""1"";1"
"2024-10-25 23:09:30;50000;-563543;3;336;""IJ"";""2"";1"
"2024-10-26 10:18:17;200000;5413677;15;337;""HJ"";""1"";1"
"2024-10-26 11:24:10;200000;5641828;14;338;""9i"";""2"";1"
"2024-10-26 14:26:18;200000;5784157;15;339;""KH"";""1"";1"
"2024-10-26 14:39:07;200000;5993974;15;340;""Qz"";""2"";1"
"2024-10-26 18:54:24;50000;796122;9;341;""4i"";""2"";1"
"2024-10-27 18:32:26;100000;1007126;5;342;""E2"";""2"";1"
"2024-12-29 09:41:58;50000;456585;11;343;""aI"";""1"";1"
"2025-02-02 12:59:58;50000;409812;11;344;""Qy"";""2"";1"
"2025-02-03 00:08:04;100000;0;9;345;""s2"";""2"";1"
"2025-02-03 02:18:11;150000;1263919;12;346;""BR"";""2"";1"
"2025-02-03 02:22:34;150000;1116024;12;347;""dw"";""1"";1"
"2025-02-03 02:22:53;150000;1016727;9;348;""xi"";""2"";1"
"2025-02-03 02:28:31;100000;526980;8;349;""FC"";""2"";1"
"2025-02-03 02:37:08;100000;799855;10;350;""Px"";""1"";1"
"2025-02-03 02:48:24;100000;879270;10;351;""QE"";""1"";1"
"2025-02-03 02:48:24;100000;879270;10;352;""QE"";""1"";1"
"2025-02-03 02:54:36;250000;879271;10;353;""QE"";""1"";1"
"2025-02-03 05:16:16;100000;402523;2;354;""x9"";""1"";1"
"2025-02-03 05:54:49;150000;1130697;12;355;""i8"";""1"";1"
"2025-02-03 06:27:37;150000;4895777;15;356;""H4"";""2"";1"
"2025-02-03 06:28:32;100000;996355;9;357;""lM"";""1"";1"
"2025-02-03 07:42:09;100000;626426;6;358;""L9"";""1"";1"
"2025-02-03 07:58:13;100000;198136;4;359;""45"";""2"";1"
"2025-02-03 08:24:59;100000;896578;11;360;""07"";""2"";1"
"2025-02-03 08:43:18;100000;326999;2;361;""du"";""1"";1"
"2025-02-03 09:36:41;100000;683069;3;362;""fY"";""1"";1"
"2025-02-03 15:07:26;100000;735377;3;363;""g4"";""1"";1"
"2025-02-04 00:44:04;100000;490351;8;364;""xA"";""2"";1"
"2025-02-04 03:24:27;100000;832074;11;365;""4J"";""2"";1"
"2025-02-04 04:45:21;150000;4145240;14;366;""Nx"";""2"";1"
"2025-02-04 05:36:32;100000;665371;9;367;""h5"";""1"";1"
"2025-02-04 06:09:24;100000;288624;2;368;""EL"";""2"";1"
"2025-02-04 07:07:55;100000;556743;8;369;""k1"";""1"";1"
"2025-02-04 13:05:06;100000;597763;6;370;""tS"";""2"";1"
"2025-02-04 13:27:10;100000;322019;2;371;""5O"";""1"";1"
"2025-02-04 13:33:50;100000;401194;2;372;""YH"";""2"";1"
"2025-02-05 01:28:25;150000;4434254;15;373;""Wa"";""1"";1"
"2025-02-05 02:59:22;100000;921007;7;374;""Oe"";""1"";1"
"2025-02-05 05:33:09;100000;675635;7;375;""Na"";""2"";1"
"2025-02-07 09:02:11;100000;277309;1;376;""Ad"";""1"";1"
"2025-02-07 16:36:06;150000;3852802;13;377;""0A"";""1"";1"
"2025-02-07 17:49:34;100000;0;4;378;""5p"";""2"";1"
"2025-02-07 18:17:48;100000;0;6;379;""Rc"";""1"";1"
"2025-02-07 18:20:50;100000;915563;11;380;""mu"";""1"";1"
"2025-02-07 18:25:08;100000;0;11;381;""k7"";""2"";1"
"2025-02-07 18:46:56;100000;926559;11;382;""gz"";""2"";1"
"2025-02-07 19:14:49;100000;0;6;383;""BC"";""1"";1"
"2025-02-07 19:20:32;100000;0;5;384;""Ye"";""2"";1"
"2025-02-07 19:29:18;150000;4337470;13;385;""1D"";""1"";1"
"2025-02-07 20:03:48;100000;0;1;386;""5d"";""2"";1"
"2025-02-08 06:01:34;250000;5513860;14;387;""Yf"";""2"";1"
"2025-02-08 12:11:55;100000;392153;2;388;""hR"";""2"";1"
"2025-02-08 13:52:01;150000;4899448;15;389;""9u"";""1"";1"
"2025-02-09 06:23:38;100000;0;3;390;""2i"";""2"";1"
"2025-02-09 07:51:40;100000;0;9;391;""iG"";""2"";1"
"2025-02-09 07:58:23;150000;4020082;14;392;""eH"";""1"";1"
"2025-02-09 15:31:34;150000;1745507;12;393;""Dy"";""1"";1"
"2025-02-09 15:47:59;100000;856772;11;394;""Da"";""2"";1"
"2025-02-09 16:11:23;100000;0;3;395;""6X"";""1"";1"
"2025-02-10 01:06:59;100000;0;3;396;""Hi"";""2"";1"
"2025-02-10 02:41:57;150000;2557753;13;397;""Av"";""1"";1"
"2025-02-10 07:26:57;100000;455364;6;398;""gs"";""2"";1"
"2025-02-10 08:01:01;100000;0;12;399;""R5"";""2"";1"
"2025-02-10 09:21:46;100000;888934;11;400;""0h"";""1"";1"
"2025-02-10 09:32:48;100000;957313;4;401;""L3"";""2"";1"
"2025-02-10 14:05:43;100000;0;11;402;""l1"";""2"";1"
"2025-02-11 04:05:22;100000;668314;7;403;""WK"";""1"";1"
"2025-02-11 06:50:14;100000;0;8;404;""qR"";""2"";1"
"2025-02-11 07:33:11;150000;4946525;14;405;""ib"";""2"";1"
"2025-02-11 07:45:44;100000;556636;8;406;""KD"";""1"";1"
"2025-02-11 08:09:34;250000;5155556;14;407;""9z"";""1"";1"
"2025-02-11 08:37:40;100000;0;4;408;""bf"";""2"";1"
"2025-02-11 10:47:56;100000;626866;3;409;""DJ"";""1"";1"
"2025-02-11 13:51:48;100000;0;2;410;""3F"";""2"";1"
"2025-02-11 15:54:09;150000;3939214;13;411;""qB"";""1"";1"
"2025-02-11 16:02:48;100000;0;2;412;""LE"";""2"";1"
"2025-02-11 16:29:00;100000;0;1;413;""d8"";""1"";1"
"2025-02-11 16:44:35;100000;0;8;414;""N1"";""2"";1"
"2025-02-11 17:04:57;100000;0;5;415;""n9"";""1"";1"
"2025-02-11 17:28:20;100000;0;6;416;""5i"";""2"";1"
"2025-02-11 17:45:29;100000;0;8;417;""xs"";""1"";1"
"2025-02-12 06:22:36;100000;352523;2;418;""If"";""2"";1"
"2025-02-12 06:46:02;100000;872757;4;419;""HD"";""1"";1"
"2025-02-12 08:19:33;100000;845666;9;420;""Gh"";""1"";1"
"2025-02-12 08:27:12;100000;0;5;421;""rA"";""2"";1"
"2025-02-12 08:35:37;100000;540841;8;422;""Ns"";""1"";1"
"2025-02-12 09:04:14;100000;667463;5;423;""iy"";""1"";1"
"2025-02-12 09:09:14;100000;757792;10;424;""Q9"";""2"";1"
"2025-02-12 11:14:07;150000;3523866;15;425;""Xb"";""2"";1"
"2025-02-12 11:46:40;150000;2090004;13;426;""Js"";""1"";1"
"2025-02-12 12:15:18;100000;0;11;427;""et"";""1"";1"
"2025-02-12 12:34:05;100000;0;14;428;""ZQ"";""2"";1"
"2025-02-12 12:58:00;250000;5459367;15;429;""Vm"";""1"";1"
"2025-02-12 13:12:03;100000;0;15;430;""6G"";""2"";1"
"2025-02-12 13:38:03;100000;0;8;431;""a4"";""1"";1"
"2025-02-12 13:49:26;100000;969509;4;432;""4O"";""2"";1"
"2025-02-12 13:57:21;250000;5057812;14;433;""i7"";""2"";1"
"2025-02-12 14:07:41;150000;4043060;15;434;""oZ"";""2"";1"
"2025-02-12 14:13:07;100000;0;4;435;""KY"";""1"";1"
"2025-02-12 14:21:35;100000;325132;2;436;""5z"";""2"";1"
"2025-02-12 14:32:42;100000;728841;5;437;""Zb"";""1"";1"
"2025-02-12 14:41:14;150000;4477881;14;438;""q3"";""1"";1"
"2025-02-12 14:42:07;150000;4668262;15;439;""RW"";""2"";1"
"2025-02-12 14:44:20;100000;635396;7;440;""JW"";""1"";1"
"2025-02-12 14:56:25;150000;2998045;13;441;""1w"";""1"";1"
"2025-02-12 15:19:30;100000;693858;3;442;""Pn"";""1"";1"
"2025-02-12 15:57:22;250000;5503676;14;443;""EA"";""2"";1"
"2025-02-12 16:24:13;100000;822060;10;444;""M5"";""1"";1"
"2025-02-12 16:43:56;100000;0;10;445;""JF"";""2"";1"
"2025-02-12 18:09:01;150000;4842575;15;446;""c3"";""2"";1"
"2025-02-12 18:11:27;100000;0;9;447;""Wy"";""1"";1"
"2025-02-12 18:24:36;100000;0;11;448;""rK"";""1"";1"
"2025-02-12 18:27:49;150000;4172988;13;449;""UQ"";""2"";1"
"2025-02-12 18:49:41;100000;0;1;450;""ZT"";""1"";1"
"2025-02-12 19:07:51;100000;0;8;451;""0f"";""1"";1"
"2025-02-12 19:09:53;100000;0;5;452;""w5"";""2"";1"
"2025-02-12 19:18:31;100000;0;8;453;""hX"";""2"";1"
"2025-02-12 19:22:30;100000;0;13;454;""st"";""1"";1"
"2025-02-12 19:48:58;100000;0;11;455;""tE"";""2"";1"
"2025-02-12 19:50:27;100000;0;5;456;""tI"";""1"";1"
"2025-02-12 22:10:01;100000;0;2;457;""fI"";""2"";1"
"2025-02-12 22:15:15;100000;0;2;458;""Rr"";""1"";1"
"2025-02-12 22:32:04;100000;0;1;459;""XY"";""1"";1"
"2025-02-12 22:38:45;100000;0;4;460;""XH"";""2"";1"
"2025-02-12 22:49:28;100000;868517;11;461;""a1"";""1"";1"
"2025-02-13 03:26:38;150000;1101147;9;462;""FA"";""1"";1"
"2025-02-13 03:33:19;150000;4700684;15;463;""um"";""2"";1"
"2025-02-13 07:05:14;100000;0;7;464;""p6"";""2"";1"
"2025-02-13 07:26:29;150000;2668420;13;465;""jO"";""1"";1"
"2025-02-13 07:28:54;100000;0;7;466;""Ur"";""2"";1"
"2025-02-13 07:46:10;100000;0;4;467;""9M"";""1"";1"
"2025-02-13 08:12:45;100000;0;4;468;""hH"";""2"";1"
"2025-02-13 10:41:23;100000;758023;9;469;""5W"";""1"";1"
"2025-02-13 11:24:31;150000;2921549;13;470;""sG"";""1"";1"
"2025-02-13 11:50:36;100000;539234;8;471;""bS"";""2"";1"
"2025-02-13 11:55:52;150000;1532535;12;472;""tp"";""1"";1"
"2025-02-13 12:08:38;100000;881237;4;473;""1o"";""2"";1"
"2025-02-13 12:21:01;100000;0;6;474;""F0"";""1"";1"
"2025-02-13 12:25:24;100000;754060;8;475;""lg"";""2"";1"
"2025-02-13 12:48:10;100000;0;3;476;""Y3"";""2"";1"
"2025-02-13 13:03:42;100000;0;7;477;""89"";""2"";1"
"2025-02-13 13:37:26;150000;2774996;13;478;""t8"";""1"";1"
"2025-02-13 13:41:31;250000;5672025;15;479;""aj"";""2"";1"
"2025-02-13 14:09:20;100000;0;4;480;""BQ"";""1"";1"
"2025-02-13 14:36:47;100000;0;3;481;""Hm"";""2"";1"
"2025-02-13 14:46:47;100000;0;3;482;""nK"";""2"";1"
"2025-02-13 14:58:10;150000;4493470;13;483;""9Y"";""1"";1"
"2025-02-13 15:11:47;100000;0;4;484;""57"";""1"";1"
"2025-02-13 15:12:58;100000;0;4;485;""xR"";""2"";1"
"2025-02-13 15:18:46;100000;0;3;486;""T5"";""2"";1"
"2025-02-13 15:31:32;100000;0;4;487;""Ri"";""1"";1"
"2025-02-13 16:06:55;150000;4995454;14;488;""1n"";""1"";1"
"2025-02-13 16:25:46;250000;6099985;15;489;""Tz"";""2"";1"
"2025-02-13 16:42:35;100000;0;5;490;""3B"";""1"";1"
"2025-02-13 16:50:33;100000;0;6;491;""75"";""2"";1"
"2025-02-13 17:01:24;100000;0;5;492;""Pv"";""1"";1"
"2025-02-13 17:14:43;100000;0;7;493;""wH"";""2"";1"
"2025-02-13 17:14:45;100000;0;9;494;""iM"";""1"";1"
"2025-02-13 17:27:49;100000;0;5;495;""VZ"";""2"";1"
"2025-02-13 17:31:47;100000;0;8;496;""IW"";""1"";1"
"2025-02-13 17:49:06;250000;5428251;14;497;""rU"";""2"";1"
"2025-02-13 17:54:35;100000;0;1;498;""v6"";""1"";1"
"2025-02-13 23:28:21;100000;0;6;499;""u9"";""2"";1"
"2025-02-14 00:17:20;100000;0;10;500;""rT"";""1"";1"
"2025-02-14 01:45:33;100000;0;7;501;""Qp"";""2"";1"
"2025-02-14 02:02:38;100000;0;3;502;""ly"";""1"";1"
"2025-02-14 02:26:08;100000;0;8;503;""2W"";""2"";1"
"2025-02-14 03:20:49;100000;0;6;504;""6p"";""1"";1"
"2025-02-14 03:31:37;100000;0;8;505;""oY"";""2"";1"
"2025-02-14 03:43:07;100000;391165;1;506;""N7"";""1"";1"
"2025-02-14 03:56:23;100000;0;5;507;""pm"";""2"";1"
"2025-02-14 04:05:10;100000;372857;1;508;""lI"";""1"";1"
"2025-02-14 04:13:49;100000;0;13;509;""Jn"";""2"";1"
"2025-02-14 04:32:32;100000;365501;1;510;""TO"";""1"";1"
"2025-02-14 05:58:09;100000;856999;11;511;""Co"";""1"";1"
"2025-02-14 06:54:18;100000;0;12;512;""92"";""2"";1"
"2025-02-14 07:02:55;100000;0;2;513;""ID"";""1"";1"
"2025-02-14 07:14:18;100000;0;10;514;""kN"";""2"";1"
"2025-02-14 07:21:31;100000;0;11;515;""kz"";""1"";1"
"2025-02-14 07:29:39;100000;0;1;516;""62"";""2"";1"
"2025-02-14 07:38:07;100000;0;15;517;""56"";""1"";1"
"2025-02-14 07:53:11;100000;0;15;518;""cX"";""2"";1"
"2025-02-14 07:59:20;100000;0;2;519;""YC"";""1"";1"
"2025-02-14 08:13:13;100000;0;11;520;""VK"";""2"";1"
"2025-02-14 08:23:35;100000;0;14;521;""8a"";""1"";1"
"2025-02-14 08:37:04;100000;992305;10;522;""O7"";""2"";1"
"2025-02-14 08:42:14;100000;0;15;523;""84"";""1"";1"
"2025-02-14 08:48:45;100000;0;13;524;""Km"";""2"";1"
"2025-02-14 09:34:43;100000;0;9;525;""B4"";""1"";1"
"2025-02-14 14:34:19;100000;347328;2;526;""PY"";""2"";1"
"2025-02-14 16:11:30;100000;291875;1;527;""h6"";""1"";1"
"2025-02-14 21:51:38;150000;3209419;13;528;""74"";""1"";1"
"2025-02-16 02:37:44;100000;0;12;529;""DQ"";""2"";1"
"2025-02-17 12:19:07;100000;0;9;530;""HA"";""2"";1"
"2025-02-17 12:20:43;100000;813382;9;531;""7A"";""1"";1"
