"ts;""counter"";""num"";""id"";""gr"";""lang"";""au"""
"2024-10-08 01:27:37;1;1083;""AR"";""1"";1;0"
"2024-10-08 01:28:13;1;1084;""s2"";""2"";1;0"
"2024-10-08 01:28:17;1;1085;""sr"";""1"";1;1"
"2024-10-08 01:28:47;1;1086;""jx"";""2"";1;1"
"2024-10-08 01:31:55;1;1087;""DT"";""1"";1;0"
"2024-10-08 01:33:34;1;1088;""oI"";""2"";1;0"
"2024-10-08 01:33:48;1;1089;""hN"";""1"";1;1"
"2024-10-08 01:37:27;1;1090;""bX"";""2"";1;1"
"2024-10-08 01:38:22;1;1091;""GA"";""1"";1;0"
"2024-10-08 01:39:48;1;1092;""b3"";""2"";1;0"
"2024-10-08 01:40:26;1;1093;""eo"";""1"";1;1"
"2024-10-08 01:41:23;1;1094;""c4"";""2"";1;1"
"2024-10-08 01:42:14;1;1095;""XP"";""1"";1;0"
"2024-10-08 01:44:07;1;1096;""CT"";""2"";1;0"
"2024-10-08 01:44:08;1;1097;""0P"";""1"";1;1"
"2024-10-08 01:52:46;1;1098;""7E"";""2"";1;1"
"2024-10-08 01:53:30;1;1099;""hj"";""1"";1;0"
"2024-10-08 01:56:27;1;1100;""uE"";""2"";1;0"
"2024-10-08 02:03:07;1;1101;""sD"";""1"";1;1"
"2024-10-08 02:15:00;1;1102;""pL"";""2"";1;1"
"2024-10-08 02:24:19;1;1103;""7P"";""1"";1;0"
"2024-10-08 02:43:01;1;1104;""SZ"";""2"";1;0"
"2024-10-08 02:44:39;1;1105;""7T"";""1"";1;1"
"2024-10-08 03:38:29;1;1106;""Dg"";""2"";1;1"
"2024-10-08 03:57:07;1;1107;""J2"";""1"";1;0"
"2024-10-08 07:43:51;1;1108;""Jp"";""1"";0;1"
"2024-10-08 07:43:56;1;1109;""dV"";""2"";1;0"
"2024-10-08 10:27:10;1;1110;""3L"";""1"";1;0"
"2024-10-08 21:07:57;1;1111;""DL"";""2"";1;1"
"2024-10-09 00:22:23;1;1112;""Sf"";""1"";1;1"
"2024-10-09 00:36:06;1;1113;""jv"";""2"";1;0"
"2024-10-09 00:37:46;1;1114;""u7"";""1"";1;0"
"2024-10-09 00:42:23;1;1115;""nF"";""2"";1;1"
"2024-10-09 02:27:21;1;1116;""eB"";""1"";1;1"
"2024-10-09 03:23:15;1;1117;""CF"";""2"";1;0"
"2024-10-09 03:33:00;1;1118;""Ao"";""1"";1;0"
"2024-10-09 03:53:47;1;1119;""5u"";""2"";1;1"
"2024-10-09 03:56:55;1;1120;""Yy"";""1"";1;1"
"2024-10-09 04:07:36;1;1121;""lU"";""2"";0;0"
"2024-10-09 04:27:10;1;1122;""Gd"";""2"";1;1"
"2024-10-09 05:38:31;1;1123;""W0"";""1"";1;0"
"2024-10-09 06:11:25;1;1124;""xW"";""2"";1;0"
"2024-10-09 06:15:28;1;1125;""sd"";""1"";1;1"
"2024-10-09 06:21:50;1;1126;""NJ"";""1"";0;0"
"2024-10-09 06:21:56;1;1127;""gM"";""2"";1;1"
"2024-10-09 09:09:54;1;1128;""Gn"";""2"";0;0"
"2024-10-09 09:10:00;1;1129;""O2"";""1"";1;1"
"2024-10-09 11:33:12;1;1130;""5Q"";""2"";1;1"
"2024-10-10 01:38:08;1;1131;""NJ"";""1"";1;0"
"2024-10-10 01:43:51;1;1132;""t3"";""2"";1;0"
"2024-10-10 01:44:58;1;1133;""v3"";""1"";1;1"
"2024-10-10 02:05:21;1;1134;""9A"";""2"";1;1"
"2024-10-10 02:15:47;1;1135;""EP"";""1"";1;0"
"2024-10-10 04:22:15;1;1136;""4R"";""2"";1;0"
"2024-10-10 06:27:39;1;1137;""79"";""1"";1;1"
"2024-10-10 06:34:31;1;1138;""f2"";""2"";1;1"
"2024-10-10 06:46:45;1;1139;""Qi"";""1"";1;0"
"2024-10-10 07:09:05;1;1140;""LS"";""2"";1;0"
"2024-10-10 07:09:16;1;1141;""lc"";""1"";1;1"
"2024-10-10 07:10:36;1;1142;""yl"";""2"";1;1"
"2024-10-10 11:25:04;1;1143;""cu"";""1"";1;0"
"2024-10-10 11:30:55;1;1144;""Zi"";""2"";1;0"
"2024-10-10 12:06:30;1;1145;""Wb"";""1"";1;1"
"2024-10-10 12:34:20;1;1146;""LK"";""2"";1;1"
"2024-10-10 12:39:30;1;1147;""zi"";""1"";1;0"
"2024-10-10 13:08:29;1;1148;""pW"";""2"";1;0"
"2024-10-10 13:15:23;1;1149;""Wi"";""1"";1;1"
"2024-10-10 13:37:17;1;1150;""La"";""2"";1;1"
"2024-10-10 13:37:22;1;1151;""SH"";""1"";1;0"
"2024-10-10 13:37:27;1;1152;""ll"";""2"";1;0"
"2024-10-10 13:37:31;1;1153;""dO"";""1"";1;1"
"2024-10-10 13:37:36;1;1154;""gK"";""2"";1;1"
"2024-10-10 14:03:05;1;1155;""Ja"";""1"";1;0"
"2024-10-10 14:03:09;1;1156;""4q"";""2"";1;0"
"2024-10-10 15:23:14;1;1157;""A9"";""1"";1;1"
"2024-10-10 15:31:58;1;1158;""P3"";""2"";1;1"
"2024-10-10 15:43:21;1;1159;""Hc"";""1"";0;0"
"2024-10-10 15:57:11;1;1160;""ul"";""1"";1;1"
"2024-10-10 16:45:53;1;1161;""pb"";""2"";1;0"
"2024-10-10 17:02:41;1;1162;""kJ"";""1"";1;0"
"2024-10-10 17:11:59;1;1163;""5B"";""2"";1;1"
"2024-10-10 17:12:29;1;1164;""c6"";""1"";1;1"
"2024-10-10 17:13:08;1;1165;""6I"";""2"";1;0"
"2024-10-10 17:13:17;1;1166;""gW"";""1"";1;0"
"2024-10-10 17:49:53;1;1167;""22"";""2"";1;1"
"2024-10-10 18:40:22;1;1168;""PL"";""1"";1;1"
"2024-10-10 18:51:00;1;1169;""mz"";""2"";1;0"
"2024-10-10 21:13:49;1;1170;""ij"";""1"";1;0"
"2024-10-10 22:46:25;1;1171;""2l"";""2"";1;1"
"2024-10-10 22:55:51;1;1172;""sZ"";""1"";1;1"
"2024-10-11 00:37:25;1;1173;""7R"";""2"";1;0"
"2024-10-11 00:49:00;1;1174;""ps"";""1"";1;0"
"2024-10-11 02:49:16;1;1175;""aY"";""2"";1;1"
"2024-10-11 02:54:07;1;1176;""Ny"";""1"";1;1"
"2024-10-11 06:24:22;1;1177;""nz"";""2"";1;0"
"2024-10-11 06:39:21;1;1178;""E5"";""2"";0;1"
"2024-10-11 06:48:38;1;1179;""I4"";""1"";1;0"
"2024-10-11 08:09:47;1;1180;""9f"";""1"";0;1"
"2024-10-11 09:24:30;1;1181;""7c"";""2"";0;0"
"2024-10-11 09:24:30;1;1182;""fW"";""1"";0;0"
"2024-10-11 09:24:37;1;1183;""fx"";""2"";1;1"
"2024-10-11 09:24:43;1;1184;""Sj"";""1"";1;1"
"2024-10-11 09:24:48;1;1185;""v4"";""2"";1;0"
"2024-10-11 09:25:16;1;1186;""lJ"";""1"";1;0"
"2024-10-11 09:25:21;1;1187;""sE"";""2"";1;1"
"2024-10-11 10:02:39;1;1188;""pD"";""2"";0;0"
"2024-10-11 10:02:45;1;1189;""c0"";""1"";1;1"
"2024-10-11 10:23:06;1;1190;""N5"";""1"";0;0"
"2024-10-11 10:45:30;1;1191;""KO"";""2"";1;1"
"2024-10-11 12:52:02;1;1192;""OS"";""1"";1;1"
"2024-10-11 14:29:40;1;1193;""VN"";""2"";1;0"
"2024-10-11 14:35:40;1;1194;""W8"";""2"";0;1"
"2024-10-11 14:39:19;1;1195;""JX"";""1"";1;0"
"2024-10-11 14:40:14;1;1196;""WO"";""2"";1;0"
"2024-10-11 14:42:38;1;1197;""85"";""1"";1;1"
"2024-10-11 14:49:55;1;1198;""5n"";""2"";1;1"
"2024-10-11 14:57:03;1;1199;""T6"";""1"";1;0"
"2024-10-11 15:10:47;1;1200;""DO"";""2"";1;0"
"2024-10-11 15:36:16;1;1201;""Hy"";""1"";1;1"
"2024-10-11 15:49:37;1;1202;""CT"";""2"";1;1"
"2024-10-11 19:26:28;1;1203;""hf"";""1"";1;0"
"2024-10-11 23:05:42;1;1204;""Pb"";""1"";0;1"
"2024-10-12 01:28:13;1;1205;""mL"";""2"";1;0"
"2024-10-12 01:31:45;1;1206;""bA"";""1"";1;0"
"2024-10-12 01:31:49;1;1207;""rb"";""2"";1;1"
"2024-10-12 01:32:02;1;1208;""m0"";""1"";1;1"
"2024-10-12 01:32:11;1;1209;""gQ"";""2"";1;0"
"2024-10-12 01:42:41;1;1210;""mG"";""1"";1;0"
"2024-10-12 04:40:52;1;1211;""GC"";""2"";1;1"
"2024-10-12 04:41:50;1;1212;""l5"";""1"";1;1"
"2024-10-12 05:34:52;1;1213;""49"";""2"";1;0"
"2024-10-12 07:37:17;1;1214;""PO"";""1"";1;0"
"2024-10-12 08:58:15;1;1215;""J8"";""2"";1;1"
"2024-10-12 08:58:23;1;1216;""r0"";""1"";1;1"
"2024-10-12 08:58:41;1;1217;""fr"";""2"";1;0"
"2024-10-12 09:07:20;1;1218;""ZE"";""1"";1;0"
"2024-10-12 09:58:50;1;1219;""kK"";""2"";1;1"
"2024-10-12 10:42:16;1;1220;""qD"";""1"";1;1"
"2024-10-12 11:32:15;1;1221;""Uy"";""2"";1;0"
"2024-10-12 11:36:04;1;1222;""mD"";""1"";1;0"
"2024-10-12 11:54:41;1;1223;""bl"";""2"";1;1"
"2024-10-12 12:10:09;1;1224;""vL"";""1"";1;1"
"2024-10-12 12:30:59;1;1225;""nz"";""2"";1;0"
"2024-10-12 13:09:06;1;1226;""w1"";""1"";1;0"
"2024-10-12 13:37:36;1;1227;""nw"";""2"";1;1"
"2024-10-12 13:44:21;1;1228;""ke"";""1"";1;1"
"2024-10-12 13:59:33;1;1229;""Fe"";""2"";1;0"
"2024-10-12 14:14:19;1;1230;""G2"";""1"";1;0"
"2024-10-12 14:15:25;1;1231;""7J"";""2"";1;1"
"2024-10-12 14:46:04;1;1232;""48"";""1"";1;1"
"2024-10-12 20:39:57;1;1233;""u1"";""2"";1;0"
"2024-10-12 23:01:56;1;1234;""jj"";""1"";1;0"
"2024-10-12 23:02:40;1;1235;""rv"";""2"";1;1"
"2024-10-12 23:13:26;1;1236;""aR"";""1"";1;1"
"2024-10-12 23:39:46;1;1237;""q0"";""2"";1;0"
"2024-10-13 00:53:09;1;1238;""7S"";""1"";1;0"
"2024-10-13 01:23:10;1;1239;""gR"";""2"";1;1"
"2024-10-13 02:24:43;1;1240;""53"";""1"";1;1"
"2024-10-13 02:37:10;1;1241;""x8"";""2"";1;0"
"2024-10-13 03:07:43;1;1242;""fR"";""1"";1;0"
"2024-10-13 03:55:09;1;1243;""dX"";""2"";1;1"
"2024-10-13 04:10:48;1;1244;""5y"";""2"";0;0"
"2024-10-13 04:17:28;1;1245;""ua"";""1"";1;1"
"2024-10-13 04:56:11;1;1246;""OJ"";""2"";1;1"
"2024-10-13 04:59:50;1;1247;""N3"";""1"";1;0"
"2024-10-13 05:07:05;1;1248;""Yt"";""2"";1;0"
"2024-10-13 05:31:29;1;1249;""iv"";""1"";1;1"
"2024-10-13 06:19:57;1;1250;""QZ"";""2"";1;1"
"2024-10-13 07:24:35;1;1251;""8y"";""1"";1;0"
"2024-10-13 07:24:45;1;1252;""JI"";""2"";1;0"
"2024-10-13 07:34:18;1;1253;""zc"";""1"";1;1"
"2024-10-13 08:31:42;1;1254;""Zy"";""2"";1;1"
"2024-10-13 08:38:54;1;1255;""Yu"";""1"";1;0"
"2024-10-13 09:53:46;1;1256;""s9"";""2"";1;0"
"2024-10-13 10:19:53;1;1257;""lT"";""1"";1;1"
"2024-10-13 11:49:21;1;1258;""QM"";""2"";1;1"
"2024-10-13 12:47:54;1;1259;""dG"";""1"";1;0"
"2024-10-13 13:30:33;1;1260;""4X"";""2"";1;0"
"2024-10-13 13:53:48;1;1261;""uC"";""1"";1;1"
"2024-10-13 14:03:25;1;1262;""3N"";""2"";1;1"
"2024-10-13 14:04:55;1;1263;""gD"";""1"";1;0"
"2024-10-13 14:05:10;1;1264;""Iz"";""2"";1;0"
"2024-10-13 14:23:20;1;1265;""19"";""1"";1;1"
"2024-10-13 14:37:09;1;1266;""Lf"";""2"";1;1"
"2024-10-13 15:07:36;1;1267;""6u"";""1"";1;0"
"2024-10-13 15:16:00;1;1268;""We"";""2"";1;0"
"2024-10-13 17:46:32;1;1269;""wZ"";""1"";1;1"
"2024-10-13 19:36:33;1;1270;""zg"";""1"";0;0"
"2024-10-13 22:41:53;1;1271;""Lz"";""2"";1;1"
"2024-10-14 01:17:51;1;1272;""82"";""2"";0;0"
"2024-10-14 01:17:58;1;1273;""Rx"";""1"";1;1"
"2024-10-14 02:41:02;1;1274;""L5"";""2"";1;1"
"2024-10-14 02:44:29;1;1275;""Tq"";""1"";1;0"
"2024-10-14 02:59:03;1;1276;""67"";""2"";1;0"
"2024-10-14 04:20:59;1;1277;""Ix"";""1"";1;1"
"2024-10-14 07:10:23;1;1278;""z0"";""2"";1;1"
"2024-10-14 07:37:24;1;1279;""81"";""1"";1;0"
"2024-10-14 07:57:19;1;1280;""b2"";""2"";1;0"
"2024-10-14 10:56:44;1;1281;""XK"";""1"";1;1"
"2024-10-14 11:31:24;1;1282;""iC"";""2"";1;1"
"2024-10-14 13:48:10;1;1283;""dt"";""1"";1;0"
"2024-10-14 16:04:21;1;1284;""7L"";""2"";1;0"
"2024-10-14 22:01:14;1;1285;""06"";""1"";1;1"
"2024-10-15 00:00:01;1;1286;""8x"";""2"";1;1"
"2024-10-15 04:30:59;1;1287;""PK"";""1"";1;0"
"2024-10-15 05:32:50;1;1288;""wD"";""2"";1;0"
"2024-10-15 09:36:49;1;1289;""MC"";""1"";1;1"
"2024-10-15 13:01:02;1;1290;""Dn"";""2"";1;1"
"2024-10-15 13:03:29;1;1291;""Me"";""1"";1;0"
"2024-10-15 13:03:30;1;1292;""ka"";""2"";1;0"
"2024-10-16 05:26:24;1;1293;""cB"";""1"";1;1"
"2024-10-16 11:07:31;1;1294;""ZV"";""2"";1;1"
"2024-10-16 11:08:00;1;1295;""4A"";""1"";1;0"
"2024-10-16 11:38:32;1;1296;""9o"";""2"";1;0"
"2024-10-16 11:47:10;1;1297;""Qd"";""1"";1;1"
"2024-10-16 11:48:32;1;1298;""dx"";""2"";1;1"
"2024-10-16 12:26:31;1;1299;""5g"";""1"";1;0"
"2024-10-16 12:30:37;1;1300;""Wl"";""2"";1;0"
"2024-10-16 12:30:41;1;1301;""PK"";""1"";1;1"
"2024-10-16 12:30:52;1;1302;""hU"";""2"";1;1"
"2024-10-16 12:44:01;1;1303;""K5"";""1"";1;0"
"2024-10-16 13:03:02;1;1304;""vv"";""2"";1;0"
"2024-10-16 13:04:04;1;1305;""Mk"";""1"";1;1"
"2024-10-16 13:04:12;1;1306;""HQ"";""2"";1;1"
"2024-10-16 13:59:55;1;1307;""Nz"";""1"";1;0"
"2024-10-16 14:07:35;1;1308;""cG"";""2"";1;0"
"2024-10-16 14:12:38;1;1309;""Pl"";""1"";1;1"
"2024-10-16 14:20:48;1;1310;""Sl"";""2"";1;1"
"2024-10-16 14:23:12;1;1311;""IZ"";""1"";1;0"
"2024-10-16 14:41:42;1;1312;""eX"";""2"";1;0"
"2024-10-16 14:52:47;1;1313;""iX"";""1"";1;1"
"2024-10-16 14:52:53;1;1314;""qs"";""2"";1;1"
"2024-10-16 14:53:00;1;1315;""A0"";""1"";1;0"
"2024-10-16 15:44:13;1;1316;""WB"";""2"";1;0"
"2024-10-16 16:01:18;1;1317;""2r"";""1"";1;1"
"2024-10-16 16:54:39;1;1318;""Ww"";""2"";1;1"
"2024-10-16 16:54:48;1;1319;""1c"";""1"";1;0"
"2024-10-16 16:54:56;1;1320;""uw"";""2"";1;0"
"2024-10-16 22:15:49;1;1321;""F3"";""1"";1;1"
"2024-10-16 22:16:55;1;1322;""fJ"";""1"";0;0"
"2024-10-17 06:16:10;1;1323;""gf"";""2"";1;1"
"2024-10-17 12:50:35;1;1324;""kk"";""1"";1;1"
"2024-10-17 15:29:53;1;1325;""P4"";""2"";1;0"
"2024-10-17 16:17:07;1;1326;""C6"";""1"";1;0"
"2024-10-17 16:54:37;1;1327;""uj"";""2"";1;1"
"2024-10-17 17:38:54;1;1328;""d5"";""1"";1;1"
"2024-10-17 18:19:58;1;1329;""JZ"";""2"";1;0"
"2024-10-17 22:33:29;1;1330;""9j"";""1"";1;0"
"2024-10-17 23:35:06;1;1331;""v1"";""2"";1;1"
"2024-10-18 00:09:36;1;1332;""NV"";""1"";1;1"
"2024-10-18 00:46:56;1;1333;""Ay"";""2"";1;0"
"2024-10-18 00:59:59;1;1334;""Yz"";""1"";1;0"
"2024-10-18 01:04:30;1;1335;""CD"";""2"";0;1"
"2024-10-18 01:07:51;1;1336;""x7"";""2"";1;0"
"2024-10-18 01:08:00;1;1337;""G0"";""1"";1;1"
"2024-10-18 01:13:48;1;1338;""Yd"";""2"";1;1"
"2024-10-18 01:46:51;1;1339;""4D"";""1"";1;0"
"2024-10-18 01:58:03;1;1340;""Qh"";""2"";1;0"
"2024-10-18 02:27:18;1;1341;""Zz"";""1"";1;1"
"2024-10-18 02:40:04;1;1342;""X2"";""2"";1;1"
"2024-10-18 02:58:47;1;1343;""zU"";""1"";1;0"
"2024-10-18 03:30:05;1;1344;""an"";""2"";1;0"
"2024-10-18 07:15:07;1;1345;""HT"";""1"";1;1"
"2024-10-18 11:26:20;1;1346;""v7"";""2"";1;1"
"2024-10-18 14:22:57;1;1347;""fh"";""1"";1;0"
"2024-10-18 14:43:57;1;1348;""Ua"";""2"";1;0"
"2024-10-18 14:44:58;1;1349;""Cm"";""1"";1;1"
"2024-10-18 14:44:59;1;1350;""30"";""2"";1;1"
"2024-10-18 15:44:28;1;1351;""rg"";""1"";1;0"
"2024-10-18 15:47:48;1;1352;""UO"";""2"";1;0"
"2024-10-18 15:49:14;1;1353;""xC"";""1"";1;1"
"2024-10-18 15:49:23;1;1354;""nu"";""2"";1;1"
"2024-10-18 16:00:00;1;1355;""5E"";""1"";1;0"
"2024-10-18 16:25:23;1;1356;""WG"";""2"";1;0"
"2024-10-18 16:36:35;1;1357;""o6"";""1"";1;1"
"2024-10-18 22:47:53;1;1358;""qL"";""2"";1;1"
"2024-10-19 01:37:39;1;1359;""sW"";""1"";1;0"
"2024-10-19 05:42:26;1;1360;""RP"";""2"";1;0"
"2024-10-19 09:03:31;1;1361;""Ty"";""1"";1;1"
"2024-10-19 09:25:21;1;1362;""Cn"";""2"";1;1"
"2024-10-19 11:04:13;1;1363;""7h"";""1"";1;0"
"2024-10-19 11:04:20;1;1364;""v9"";""2"";1;0"
"2024-10-19 15:44:01;1;1365;""ak"";""1"";1;1"
"2024-10-19 16:46:37;1;1366;""i5"";""2"";1;1"
"2024-10-19 22:47:28;1;1367;""Nz"";""1"";1;0"
"2024-10-19 22:48:25;1;1368;""0u"";""2"";1;0"
"2024-10-19 23:34:29;1;1369;""de"";""1"";1;1"
"2024-10-19 23:57:18;1;1370;""jE"";""2"";1;1"
"2024-10-20 04:44:51;1;1371;""Dx"";""1"";1;0"
"2024-10-20 06:13:01;1;1372;""iU"";""2"";1;0"
"2024-10-20 10:02:15;1;1373;""54"";""1"";1;1"
"2024-10-20 10:02:17;1;1374;""Vj"";""2"";1;1"
"2024-10-20 10:07:01;1;1375;""do"";""1"";1;0"
"2024-10-20 10:24:22;1;1376;""ot"";""2"";1;0"
"2024-10-20 11:25:44;1;1377;""Xl"";""1"";1;1"
"2024-10-20 12:18:08;1;1378;""Cu"";""1"";0;0"
"2024-10-20 14:57:29;1;1379;""uP"";""2"";1;1"
"2024-10-20 15:11:05;1;1380;""eg"";""1"";1;1"
"2024-10-20 15:41:46;1;1381;""wS"";""2"";1;0"
"2024-10-21 12:21:41;1;1382;""Xp"";""1"";1;0"
"2024-10-21 12:21:46;1;1383;""pZ"";""2"";1;1"
"2024-10-22 03:06:28;1;1384;""Ei"";""1"";1;1"
"2024-10-23 04:17:01;1;1385;""SK"";""2"";1;0"
"2024-10-23 04:43:22;1;1386;""FR"";""1"";1;0"
"2024-10-23 04:45:32;1;1387;""er"";""2"";1;1"
"2024-10-23 06:40:50;1;1388;""MT"";""1"";1;1"
"2024-10-23 06:53:56;1;1389;""sq"";""2"";1;0"
"2024-10-23 11:11:03;1;1390;""lX"";""1"";1;0"
"2024-10-23 11:41:10;1;1391;""C2"";""2"";1;1"
"2024-10-23 12:00:17;1;1392;""il"";""1"";1;1"
"2024-10-23 12:50:48;1;1393;""oL"";""2"";1;0"
"2024-10-23 13:13:04;1;1394;""CA"";""1"";1;0"
"2024-10-23 13:32:47;1;1395;""3w"";""2"";1;1"
"2024-10-23 14:31:33;1;1396;""uA"";""1"";1;1"
"2024-10-23 15:25:40;1;1397;""IO"";""2"";1;0"
"2024-10-23 15:31:54;1;1398;""xQ"";""1"";1;0"
"2024-10-23 15:39:47;1;1399;""QY"";""2"";1;1"
"2024-10-23 15:42:44;1;1400;""mT"";""1"";1;1"
"2024-10-23 15:56:25;1;1401;""e5"";""2"";1;0"
"2024-10-23 15:58:48;1;1402;""l2"";""1"";1;0"
"2024-10-23 16:13:39;1;1403;""1e"";""2"";1;1"
"2024-10-23 16:19:36;1;1404;""iU"";""1"";1;1"
"2024-10-23 16:21:04;1;1405;""fv"";""2"";1;0"
"2024-10-23 17:18:41;1;1406;""WR"";""1"";1;0"
"2024-10-24 04:40:45;1;1407;""yN"";""2"";1;1"
"2024-10-24 10:21:52;1;1408;""NF"";""1"";1;1"
"2024-10-24 10:46:28;1;1409;""dt"";""2"";1;0"
"2024-10-24 11:27:57;1;1410;""MY"";""1"";1;0"
"2024-10-24 14:02:11;1;1411;""JZ"";""2"";1;1"
"2024-10-24 14:04:47;1;1412;""5Q"";""1"";1;1"
"2024-10-24 14:16:26;1;1413;""zX"";""2"";1;0"
"2024-10-24 14:27:00;1;1414;""jt"";""1"";1;0"
"2024-10-24 14:27:09;1;1415;""0i"";""2"";1;1"
"2024-10-24 14:27:54;1;1416;""1C"";""1"";1;1"
"2024-10-24 14:39:49;1;1417;""sB"";""2"";1;0"
"2024-10-24 14:42:07;1;1418;""WJ"";""1"";1;0"
"2024-10-24 15:05:08;1;1419;""pz"";""2"";1;1"
"2024-10-24 15:06:55;1;1420;""Tc"";""1"";1;1"
"2024-10-25 02:01:33;1;1421;""wr"";""2"";1;0"
"2024-10-25 05:01:49;1;1422;""lx"";""1"";1;0"
"2024-10-25 08:05:19;1;1423;""kL"";""2"";1;1"
"2024-10-25 10:28:21;1;1424;""Us"";""1"";1;1"
"2024-10-25 10:30:33;1;1425;""j2"";""2"";0;0"
"2024-10-25 10:30:50;1;1426;""Pr"";""2"";1;1"
"2024-10-25 16:42:15;1;1427;""IZ"";""1"";1;0"
"2024-10-25 16:44:10;1;1428;""SY"";""2"";1;0"
"2024-10-25 16:44:21;1;1429;""aY"";""1"";1;1"
"2024-10-25 18:00:07;1;1430;""kH"";""2"";1;1"
"2024-10-25 18:00:17;1;1431;""N0"";""1"";1;0"
"2024-10-25 20:59:26;1;1432;""ou"";""2"";1;0"
"2024-10-25 22:17:19;1;1433;""SB"";""1"";1;1"
"2024-10-25 22:24:28;1;1434;""IJ"";""2"";1;1"
"2024-10-26 10:08:30;1;1435;""HJ"";""1"";1;0"
"2024-10-26 11:13:28;1;1436;""9i"";""2"";1;0"
"2024-10-26 14:16:05;1;1437;""KH"";""1"";1;1"
"2024-10-26 14:30:54;1;1438;""Qz"";""2"";1;1"
"2024-10-26 17:43:48;1;1439;""uH"";""1"";1;0"
"2024-10-26 17:43:55;1;1440;""4i"";""2"";1;0"
"2024-10-27 11:56:01;1;1441;""sM"";""1"";1;1"
"2024-10-27 17:24:19;1;1442;""E2"";""2"";1;1"
"2024-11-14 09:07:35;1;1443;""rm"";""1"";1;0"
"2024-11-14 09:51:37;1;1444;""vH"";""2"";1;0"
"2024-11-14 10:30:18;1;1445;""Jl"";""1"";1;1"
"2024-11-14 10:30:19;1;1446;""b9"";""2"";1;1"
"2024-11-14 10:30:31;1;1447;""Ui"";""1"";1;0"
"2024-11-14 10:56:10;1;1448;""f4"";""2"";1;0"
"2024-11-14 11:00:11;1;1449;""0S"";""1"";1;1"
"2024-11-14 11:02:33;1;1450;""4g"";""2"";1;1"
"2024-11-14 11:07:31;1;1451;""v2"";""1"";1;0"
"2024-11-14 11:07:57;1;1452;""dn"";""2"";1;0"
"2024-11-14 11:13:03;1;1453;""LL"";""1"";1;1"
"2024-11-14 11:19:53;1;1454;""eC"";""2"";1;1"
"2024-11-14 11:25:13;1;1455;""BV"";""1"";1;0"
"2024-11-14 11:27:27;1;1456;""4P"";""2"";1;0"
"2024-11-14 11:28:32;1;1457;""zY"";""1"";1;1"
"2024-11-14 11:40:47;1;1458;""2t"";""2"";1;1"
"2024-11-14 11:54:17;1;1459;""1H"";""1"";1;0"
"2024-11-14 12:09:48;1;1460;""nq"";""2"";1;0"
"2024-11-14 12:11:46;1;1461;""8T"";""1"";1;1"
"2024-11-14 12:22:22;1;1462;""dV"";""2"";1;1"
"2024-11-14 12:26:23;1;1463;""Gg"";""1"";1;0"
"2024-11-14 12:37:12;1;1464;""Io"";""2"";1;0"
"2024-11-14 12:41:32;1;1465;""PI"";""1"";1;1"
"2024-11-14 12:44:21;1;1466;""UF"";""2"";1;1"
"2024-11-14 12:50:30;1;1467;""Wv"";""1"";1;0"
"2024-11-14 12:50:49;1;1468;""EF"";""2"";1;0"
"2024-11-14 12:58:26;1;1469;""yD"";""1"";1;1"
"2024-11-14 13:04:49;1;1470;""gG"";""2"";1;1"
"2024-11-14 13:14:02;1;1471;""9D"";""1"";1;0"
"2024-11-14 13:14:43;1;1472;""1Y"";""2"";1;0"
"2024-11-14 13:15:38;1;1473;""3H"";""1"";1;1"
"2024-11-14 13:20:46;1;1474;""sd"";""2"";1;1"
"2024-11-14 13:21:07;1;1475;""Kp"";""1"";1;0"
"2024-11-14 13:21:20;1;1476;""Z5"";""2"";1;0"
"2024-11-14 13:38:45;1;1477;""ZW"";""1"";1;1"
"2024-11-14 13:40:16;1;1478;""l2"";""2"";1;1"
"2024-11-14 13:40:25;1;1479;""1V"";""1"";1;0"
"2024-11-14 13:49:04;1;1480;""Og"";""2"";1;0"
"2024-11-14 13:49:21;1;1481;""zK"";""1"";1;1"
"2024-11-14 13:49:36;1;1482;""sU"";""2"";1;1"
"2024-11-14 13:50:12;1;1483;""vw"";""1"";1;0"
"2024-11-14 13:52:01;1;1484;""oO"";""2"";1;0"
"2024-11-14 13:52:31;1;1485;""Kg"";""1"";1;1"
"2024-11-14 13:52:31;1;1486;""AA"";""2"";1;1"
"2024-11-14 13:55:26;1;1487;""Nt"";""1"";1;0"
"2024-11-14 13:55:48;1;1488;""iq"";""2"";1;0"
"2024-11-14 13:56:15;1;1489;""SU"";""1"";1;1"
"2024-11-14 13:56:37;1;1490;""DM"";""2"";1;1"
"2024-11-14 13:59:57;1;1491;""pC"";""1"";1;0"
"2024-11-14 14:00:44;1;1492;""SZ"";""2"";1;0"
"2024-11-14 14:02:04;1;1493;""U1"";""1"";1;1"
"2024-11-14 14:02:36;1;1494;""o8"";""2"";1;1"
"2024-11-14 14:05:07;1;1495;""ka"";""1"";1;0"
"2024-11-14 14:06:28;1;1496;""7M"";""2"";1;0"
"2024-11-14 14:06:37;1;1497;""eJ"";""1"";1;1"
"2024-11-14 14:06:50;1;1498;""t7"";""2"";1;1"
"2024-11-14 20:24:52;1;1499;""xD"";""1"";1;0"
"2024-11-14 20:52:42;1;1500;""TU"";""2"";1;0"
"2024-11-14 20:59:51;1;1501;""z1"";""1"";1;1"
"2024-11-14 21:00:43;1;1502;""2s"";""2"";1;1"
"2024-11-16 04:12:01;1;1503;""7u"";""1"";1;0"
"2024-11-16 04:12:47;1;1504;""3R"";""2"";1;0"
"2024-11-16 04:13:20;1;1505;""7h"";""1"";1;1"
"2024-11-16 04:24:50;1;1506;""4R"";""2"";1;1"
"2024-11-16 04:25:49;1;1507;""1L"";""1"";1;0"
"2024-11-16 04:29:23;1;1508;""jg"";""2"";1;0"
"2024-11-16 04:29:39;1;1509;""Ir"";""1"";1;1"
"2024-11-16 04:30:00;1;1510;""qv"";""2"";1;1"
"2024-11-16 04:39:07;1;1511;""nO"";""1"";1;0"
"2024-11-16 04:40:04;1;1512;""rF"";""2"";1;0"
"2024-11-16 04:40:15;1;1513;""3T"";""1"";1;1"
"2024-11-16 04:47:25;1;1514;""mN"";""2"";1;1"
"2024-11-16 04:48:19;1;1515;""EV"";""1"";1;0"
"2024-11-16 04:48:30;1;1516;""GN"";""2"";1;0"
"2024-11-16 04:49:01;1;1517;""VH"";""1"";1;1"
"2024-11-16 04:49:02;1;1518;""ZD"";""2"";1;1"
"2024-11-16 04:49:16;1;1519;""gy"";""1"";1;0"
"2024-11-16 04:49:34;1;1520;""kr"";""2"";1;0"
"2024-11-16 05:23:53;1;1521;""7t"";""1"";1;1"
"2024-11-16 05:24:35;1;1522;""y6"";""2"";1;1"
"2024-11-16 05:41:01;1;1523;""8c"";""1"";1;0"
"2024-11-16 05:43:03;1;1524;""cS"";""2"";1;0"
"2024-11-18 23:27:47;1;1525;""XJ"";""1"";1;1"
"2024-11-18 23:38:16;1;1526;""RE"";""2"";1;1"
"2024-11-18 23:41:40;1;1527;""YW"";""1"";1;0"
"2024-11-18 23:56:33;1;1528;""Ep"";""2"";1;0"
"2024-11-18 23:58:51;1;1529;""3N"";""1"";1;1"
"2024-11-18 23:59:11;1;1530;""1P"";""2"";1;1"
"2024-11-18 23:59:24;1;1531;""fM"";""1"";1;0"
"2024-11-19 00:05:28;1;1532;""oB"";""2"";1;0"
"2024-11-19 00:12:40;1;1533;""2q"";""1"";1;1"
"2024-11-19 00:16:41;1;1534;""wJ"";""2"";1;1"
"2024-11-19 00:19:44;1;1535;""mo"";""1"";1;0"
"2024-11-19 00:20:03;1;1536;""Bk"";""2"";1;0"
"2024-11-19 00:26:33;1;1537;""VG"";""1"";1;1"
"2024-11-19 00:37:13;1;1538;""2B"";""2"";1;1"
"2024-11-19 00:44:54;1;1539;""es"";""1"";1;0"
"2024-11-19 00:50:38;1;1540;""fV"";""2"";1;0"
"2024-11-19 01:02:10;1;1541;""7v"";""1"";1;1"
"2024-11-19 01:02:51;1;1542;""6T"";""2"";1;1"
"2024-11-19 01:03:04;1;1543;""1H"";""1"";1;0"
"2024-11-19 01:03:19;1;1544;""Fw"";""2"";1;0"
"2024-11-19 01:07:30;1;1545;""Ej"";""1"";1;1"
"2024-11-19 01:07:48;1;1546;""PZ"";""2"";1;1"
"2024-11-19 01:08:11;1;1547;""nR"";""1"";1;0"
"2024-11-19 01:08:34;1;1548;""ar"";""2"";1;0"
"2024-11-19 01:09:11;1;1549;""cl"";""1"";1;1"
"2024-11-19 01:15:59;1;1550;""IL"";""2"";1;1"
"2024-11-19 01:46:54;1;1551;""WP"";""1"";0;0"
"2024-11-19 01:53:02;1;1552;""pR"";""1"";1;1"
"2024-11-19 02:52:52;1;1553;""KS"";""2"";1;0"
"2024-11-19 02:52:52;1;1554;""iS"";""2"";1;0"
"2024-11-19 02:52:53;1;1555;""vS"";""1"";1;0"
"2024-11-19 02:57:19;1;1556;""Wq"";""2"";1;1"
"2024-11-19 03:02:17;1;1557;""0S"";""1"";1;1"
"2024-11-19 03:24:00;1;1558;""kw"";""2"";1;0"
"2024-11-19 03:27:47;1;1559;""kt"";""1"";1;0"
"2024-11-19 03:28:52;1;1560;""yP"";""2"";1;1"
"2024-11-19 04:19:32;1;1561;""UF"";""1"";1;1"
"2024-11-19 04:20:16;1;1562;""d5"";""2"";1;0"
"2024-11-19 04:20:45;1;1563;""k5"";""1"";1;0"
"2024-11-19 04:21:00;1;1564;""Kw"";""2"";1;1"
"2024-11-19 04:26:34;1;1565;""LT"";""1"";1;1"
"2024-11-19 04:44:42;1;1566;""D4"";""2"";1;0"
"2024-11-19 04:45:05;1;1567;""sI"";""1"";1;0"
"2024-11-19 08:09:21;1;1568;""xe"";""2"";1;1"
"2024-11-19 08:09:36;1;1569;""Bu"";""1"";1;1"
"2024-11-19 12:08:36;1;1570;""x4"";""2"";1;0"
"2024-11-19 12:09:10;1;1571;""tT"";""1"";1;0"
"2024-11-19 12:09:47;1;1572;""PP"";""2"";1;1"
"2024-11-19 23:00:59;1;1573;""xf"";""1"";1;1"
"2024-11-19 23:01:38;1;1574;""B7"";""2"";1;0"
"2024-11-19 23:02:02;1;1575;""TY"";""1"";1;0"
"2024-11-19 23:08:21;1;1576;""jA"";""2"";1;1"
"2024-11-20 10:51:38;1;1577;""hE"";""1"";1;1"
"2024-11-20 10:57:13;1;1578;""oU"";""2"";1;0"
"2024-11-20 11:12:27;1;1579;""5L"";""1"";1;0"
"2024-11-20 11:13:34;1;1580;""8h"";""2"";1;1"
"2024-11-20 11:33:23;1;1581;""H0"";""1"";1;1"
"2024-11-20 11:36:16;1;1582;""Vc"";""2"";1;0"
"2024-11-20 12:03:13;1;1583;""0w"";""1"";1;0"
"2024-11-20 12:08:08;1;1584;""gU"";""2"";1;1"
"2024-11-20 12:08:44;1;1585;""xW"";""1"";1;1"
"2024-11-20 12:18:07;1;1586;""vG"";""2"";1;0"
"2024-11-20 12:27:23;1;1587;""VC"";""1"";1;0"
"2024-11-20 12:27:39;1;1588;""eO"";""2"";1;1"
"2024-11-20 12:30:33;1;1589;""Si"";""1"";1;1"
"2024-11-20 12:46:38;1;1590;""1P"";""2"";1;0"
"2024-11-20 12:51:18;1;1591;""mN"";""1"";1;0"
"2024-11-20 13:00:16;1;1592;""wi"";""2"";1;1"
"2024-11-20 13:10:16;1;1593;""Ub"";""1"";1;1"
"2024-11-24 01:53:24;1;1594;""cD"";""2"";1;0"
"2024-11-24 01:55:40;1;1595;""rD"";""1"";1;0"
"2024-11-24 01:55:51;1;1596;""Ac"";""2"";1;1"
"2024-11-24 02:02:44;1;1597;""BP"";""1"";1;1"
"2024-11-24 02:03:43;1;1598;""dH"";""2"";1;0"
"2024-11-24 02:09:36;1;1599;""HF"";""1"";1;0"
"2024-11-24 02:10:57;1;1600;""3v"";""2"";1;1"
"2024-11-24 02:22:42;1;1601;""Xl"";""1"";1;1"
"2024-11-24 02:36:22;1;1602;""wp"";""2"";1;0"
"2024-11-24 02:53:20;1;1603;""Ub"";""1"";1;0"
"2024-11-24 02:57:06;1;1604;""Cp"";""2"";1;1"
"2024-11-24 03:00:03;1;1605;""Zk"";""1"";1;1"
"2024-11-24 03:04:52;1;1606;""Zf"";""2"";1;0"
"2024-11-24 03:17:31;1;1607;""Pt"";""1"";1;0"
"2024-11-24 03:19:24;1;1608;""1l"";""2"";1;1"
"2024-11-24 03:28:53;1;1609;""jg"";""1"";1;1"
"2024-11-24 04:14:13;1;1610;""l2"";""2"";1;0"
"2024-11-24 04:17:42;1;1611;""pb"";""1"";1;0"
"2024-11-24 04:25:36;1;1612;""sf"";""2"";1;1"
"2024-11-24 11:39:35;1;1613;""b0"";""1"";1;1"
"2024-11-24 12:07:37;1;1614;""G5"";""2"";1;0"
"2024-11-24 12:21:04;1;1615;""rj"";""1"";1;0"
"2024-11-24 22:11:09;1;1616;""Gc"";""2"";1;1"
"2024-11-24 22:12:11;1;1617;""ck"";""1"";1;1"
"2024-11-25 00:00:42;1;1618;""CQ"";""2"";1;0"
"2024-11-26 23:38:00;1;1619;""LT"";""1"";1;0"
"2024-11-27 00:38:50;1;1620;""qc"";""2"";1;1"
"2024-11-27 03:12:05;1;1621;""fe"";""1"";1;1"
"2024-11-27 03:53:48;1;1622;""XO"";""2"";1;0"
"2024-11-27 22:49:21;1;1623;""yl"";""1"";1;0"
"2024-11-27 23:15:19;1;1624;""TL"";""2"";1;1"
"2024-11-27 23:24:46;1;1625;""Dr"";""1"";1;1"
"2024-11-27 23:26:16;1;1626;""of"";""2"";1;0"
"2024-11-27 23:29:28;1;1627;""5c"";""1"";1;0"
"2024-11-27 23:30:55;1;1628;""Xd"";""2"";1;1"
"2024-11-27 23:43:19;1;1629;""3d"";""1"";1;1"
"2024-11-28 00:05:17;1;1630;""4u"";""2"";1;0"
"2024-11-28 00:08:19;1;1631;""B1"";""1"";1;0"
"2024-11-28 22:07:53;1;1632;""nv"";""2"";1;1"
"2024-11-28 22:10:00;1;1633;""zE"";""1"";1;1"
"2024-12-07 00:00:44;1;1634;""xX"";""2"";1;0"
"2024-12-07 00:40:46;1;1635;""yj"";""1"";1;0"
"2024-12-07 05:14:18;1;1636;""qH"";""2"";1;1"
"2024-12-07 05:26:28;1;1637;""9r"";""1"";1;1"
"2024-12-07 05:31:43;1;1638;""kp"";""2"";1;0"
"2024-12-07 05:38:47;1;1639;""xZ"";""1"";1;0"
"2024-12-07 05:48:10;1;1640;""A9"";""2"";1;1"
"2024-12-07 07:29:54;1;1641;""EG"";""1"";1;1"
"2024-12-07 07:49:50;1;1642;""eO"";""2"";1;0"
"2024-12-07 07:53:44;1;1643;""9X"";""1"";1;0"
"2024-12-20 21:26:35;1;1644;""sS"";""2"";1;1"
"2024-12-20 21:31:27;1;1645;""77"";""1"";1;1"
"2024-12-20 21:46:07;1;1646;""9C"";""2"";1;0"
"2024-12-20 21:48:33;1;1647;""hn"";""1"";1;0"
"2024-12-20 21:50:43;1;1648;""hC"";""2"";1;1"
"2024-12-20 22:46:11;1;1649;""Ey"";""1"";1;1"
"2024-12-20 22:49:14;1;1650;""oM"";""2"";1;0"
"2024-12-27 23:29:06;1;1651;""W3"";""1"";1;0"
"2024-12-28 01:01:27;1;1652;""g8"";""2"";1;1"
"2024-12-28 01:07:12;1;1653;""9P"";""1"";1;1"
"2024-12-28 01:20:10;1;1654;""aX"";""2"";1;0"
"2024-12-28 01:22:40;1;1655;""nj"";""1"";1;0"
"2024-12-28 01:46:57;1;1656;""ws"";""2"";1;1"
"2024-12-28 23:14:05;1;1657;""8Q"";""1"";1;1"
"2024-12-29 00:56:02;1;1658;""Nc"";""2"";1;0"
"2024-12-29 00:59:40;1;1659;""7E"";""1"";1;0"
"2024-12-29 01:11:13;1;1660;""4c"";""2"";1;1"
"2024-12-29 01:19:46;1;1661;""C8"";""1"";1;1"
"2024-12-29 02:04:40;1;1662;""Bh"";""2"";1;0"
"2024-12-29 02:08:35;1;1663;""tR"";""1"";1;0"
"2024-12-29 02:19:50;1;1664;""Kr"";""2"";1;1"
"2024-12-29 02:27:06;1;1665;""Vw"";""1"";1;1"
"2024-12-29 03:03:30;1;1666;""zP"";""2"";1;0"
"2024-12-29 03:22:21;1;1667;""og"";""1"";1;0"
"2024-12-29 08:53:25;1;1668;""re"";""2"";1;1"
"2024-12-29 08:57:39;1;1669;""5u"";""1"";1;1"
"2024-12-29 09:20:53;1;1670;""nr"";""2"";1;0"
"2024-12-29 09:36:46;1;1671;""aI"";""1"";1;0"
"2024-12-29 09:55:57;1;1672;""WO"";""2"";1;1"
"2024-12-29 09:58:17;1;1673;""Er"";""1"";1;1"
"2024-12-29 10:01:37;1;1674;""76"";""2"";1;0"
"2024-12-29 10:09:29;1;1675;""VB"";""1"";1;0"
"2024-12-29 10:22:16;1;1676;""vO"";""2"";1;1"
"2024-12-29 11:09:02;1;1677;""r7"";""1"";1;1"
"2024-12-29 11:11:55;1;1678;""s9"";""2"";1;0"
"2024-12-29 11:13:55;1;1679;""un"";""1"";1;0"
"2024-12-29 11:22:04;1;1680;""sB"";""2"";1;1"
"2024-12-29 11:25:52;1;1681;""6m"";""1"";1;1"
"2024-12-29 11:33:59;1;1682;""t6"";""2"";1;0"
"2024-12-29 11:37:26;1;1683;""EG"";""1"";1;0"
"2024-12-29 12:13:44;1;1684;""Gy"";""2"";1;1"
"2024-12-29 14:44:03;1;1685;""Ii"";""1"";1;1"
"2024-12-29 15:00:21;1;1686;""12"";""2"";1;0"
"2024-12-29 15:16:36;1;1687;""Q5"";""1"";1;0"
"2024-12-31 04:11:57;1;1688;""ck"";""2"";1;1"
"2024-12-31 04:16:06;1;1689;""At"";""1"";1;1"
"2024-12-31 04:20:41;1;1690;""K9"";""2"";1;0"
"2025-02-02 09:23:06;1;1691;""RJ"";""1"";1;0"
"2025-02-02 09:27:59;1;1692;""ni"";""2"";1;1"
"2025-02-02 09:30:14;1;1693;""eO"";""1"";1;1"
"2025-02-02 11:01:27;1;1694;""fM"";""2"";1;0"
"2025-02-02 11:21:09;1;1695;""WC"";""1"";1;0"
"2025-02-02 11:33:49;1;1696;""0j"";""2"";1;1"
"2025-02-02 12:33:12;1;1697;""DH"";""1"";1;1"
"2025-02-02 12:45:59;1;1698;""3Q"";""2"";1;0"
"2025-02-02 12:45:59;1;1699;""po"";""1"";1;0"
"2025-02-02 12:55:39;1;1700;""Qy"";""2"";1;1"
"2025-02-02 13:03:39;1;1701;""22"";""1"";1;1"
"2025-02-02 13:11:07;1;1702;""6v"";""2"";1;0"
"2025-02-02 14:09:55;1;1703;""rY"";""1"";1;0"
"2025-02-02 14:11:43;1;1704;""Zh"";""2"";1;1"
"2025-02-02 14:12:43;1;1705;""fr"";""1"";1;1"
"2025-02-02 14:24:59;1;1706;""LZ"";""2"";1;0"
"2025-02-02 17:07:32;1;1707;""mr"";""1"";1;0"
"2025-02-02 23:53:39;1;1708;""s2"";""2"";1;1"
"2025-02-03 00:40:04;1;1709;""AQ"";""1"";1;1"
"2025-02-03 00:45:45;1;1710;""L7"";""2"";1;0"
"2025-02-03 01:16:32;1;1711;""5R"";""1"";1;0"
"2025-02-03 01:22:19;1;1712;""6w"";""2"";1;1"
"2025-02-03 01:22:21;1;1713;""q8"";""1"";1;1"
"2025-02-03 01:27:00;1;1714;""23"";""2"";1;0"
"2025-02-03 01:30:00;1;1715;""90"";""1"";1;0"
"2025-02-03 01:30:48;1;1716;""Fq"";""2"";1;1"
"2025-02-03 01:41:48;1;1717;""AB"";""1"";1;1"
"2025-02-03 01:47:06;1;1718;""9v"";""2"";1;0"
"2025-02-03 01:47:24;1;1719;""KB"";""1"";1;0"
"2025-02-03 01:47:40;1;1720;""FC"";""2"";1;1"
"2025-02-03 01:49:08;1;1721;""Px"";""1"";1;1"
"2025-02-03 01:51:48;1;1722;""BR"";""2"";1;0"
"2025-02-03 01:58:57;1;1723;""dw"";""1"";1;0"
"2025-02-03 02:04:10;1;1724;""xi"";""2"";1;1"
"2025-02-03 02:09:14;1;1725;""c9"";""1"";1;1"
"2025-02-03 02:16:19;1;1726;""BJ"";""2"";1;0"
"2025-02-03 02:25:01;1;1727;""QE"";""1"";1;0"
"2025-02-03 03:32:44;1;1728;""xg"";""2"";1;1"
"2025-02-03 04:40:39;1;1729;""oP"";""1"";1;1"
"2025-02-03 04:47:43;1;1730;""g9"";""2"";1;0"
"2025-02-03 04:48:32;1;1731;""x9"";""1"";1;0"
"2025-02-03 05:08:54;1;1732;""NP"";""2"";1;1"
"2025-02-03 05:12:23;1;1733;""i8"";""1"";1;1"
"2025-02-03 05:16:52;1;1734;""bi"";""2"";1;0"
"2025-02-03 05:21:25;1;1735;""4b"";""1"";1;0"
"2025-02-03 05:21:40;1;1736;""Az"";""2"";1;1"
"2025-02-03 05:32:09;1;1737;""b6"";""1"";1;1"
"2025-02-03 05:32:12;1;1738;""G3"";""2"";1;0"
"2025-02-03 05:33:28;1;1739;""fK"";""1"";1;0"
"2025-02-03 05:33:38;1;1740;""oH"";""2"";1;1"
"2025-02-03 05:36:27;1;1741;""zJ"";""1"";1;1"
"2025-02-03 05:40:05;1;1742;""45"";""2"";1;0"
"2025-02-03 05:48:20;1;1743;""V8"";""1"";1;0"
"2025-02-03 05:48:20;1;1744;""H4"";""2"";1;1"
"2025-02-03 05:54:30;1;1745;""lM"";""1"";1;1"
"2025-02-03 06:08:10;1;1746;""Wu"";""2"";1;0"
"2025-02-03 06:14:46;1;1747;""RH"";""1"";1;0"
"2025-02-03 06:53:41;1;1748;""jh"";""2"";1;1"
"2025-02-03 07:05:48;1;1749;""L9"";""1"";1;1"
"2025-02-03 07:51:22;1;1750;""07"";""2"";1;0"
"2025-02-03 08:13:35;1;1751;""du"";""1"";1;0"
"2025-02-03 08:25:59;1;1752;""xA"";""2"";1;1"
"2025-02-03 08:50:43;1;1753;""fY"";""1"";1;1"
"2025-02-03 09:02:04;1;1754;""E8"";""2"";1;0"
"2025-02-03 10:03:26;1;1755;""Gx"";""1"";1;0"
"2025-02-03 10:10:58;1;1756;""TK"";""2"";1;1"
"2025-02-03 14:36:15;1;1757;""g4"";""1"";1;1"
"2025-02-04 01:07:48;1;1758;""k4"";""2"";1;0"
"2025-02-04 02:01:04;1;1759;""13"";""1"";1;0"
"2025-02-04 02:01:37;1;1760;""za"";""2"";1;1"
"2025-02-04 02:03:50;1;1761;""yx"";""1"";1;1"
"2025-02-04 02:46:27;1;1762;""4J"";""2"";1;0"
"2025-02-04 03:50:03;1;1763;""iA"";""1"";1;0"
"2025-02-04 03:51:04;1;1764;""6Z"";""2"";1;1"
"2025-02-04 03:51:16;1;1765;""6q"";""1"";1;1"
"2025-02-04 04:10:10;1;1766;""Nx"";""2"";1;0"
"2025-02-04 04:56:35;1;1767;""h5"";""1"";1;0"
"2025-02-04 05:44:20;1;1768;""EL"";""2"";1;1"
"2025-02-04 06:05:43;1;1769;""k1"";""1"";1;1"
"2025-02-04 12:20:37;1;1770;""tS"";""2"";1;0"
"2025-02-04 12:55:41;1;1771;""5O"";""1"";1;0"
"2025-02-04 13:01:40;1;1772;""YH"";""2"";1;1"
"2025-02-05 00:54:35;1;1773;""Wa"";""1"";1;1"
"2025-02-05 02:01:59;1;1774;""1m"";""2"";1;0"
"2025-02-05 02:26:46;1;1775;""Oe"";""1"";1;0"
"2025-02-05 02:29:14;1;1776;""bg"";""2"";1;1"
"2025-02-05 02:32:33;1;1777;""Be"";""1"";1;1"
"2025-02-05 02:38:32;1;1778;""Ah"";""2"";1;0"
"2025-02-05 02:52:18;1;1779;""Uz"";""1"";1;0"
"2025-02-05 05:15:12;1;1780;""Na"";""2"";1;1"
"2025-02-05 06:36:03;1;1781;""Bt"";""1"";1;1"
"2025-02-07 03:24:42;1;1782;""oC"";""2"";1;0"
"2025-02-07 03:44:29;1;1783;""qO"";""1"";1;0"
"2025-02-07 03:56:58;1;1784;""dD"";""2"";1;1"
"2025-02-07 05:04:13;1;1785;""Wf"";""1"";1;1"
"2025-02-07 07:49:16;1;1786;""Ee"";""2"";1;0"
"2025-02-07 08:06:31;1;1787;""Ad"";""1"";1;0"
"2025-02-07 09:28:00;1;1788;""nl"";""2"";1;1"
"2025-02-07 16:08:21;1;1789;""0A"";""1"";1;1"
"2025-02-07 16:29:12;1;1790;""CW"";""2"";1;0"
"2025-02-07 17:11:00;1;1791;""6O"";""1"";1;0"
"2025-02-07 17:39:02;1;1792;""5p"";""2"";1;1"
"2025-02-07 17:52:41;1;1793;""Rc"";""1"";1;1"
"2025-02-07 17:53:24;1;1794;""k7"";""2"";1;0"
"2025-02-07 17:53:36;1;1795;""mu"";""1"";1;0"
"2025-02-07 18:30:33;1;1796;""gz"";""2"";1;1"
"2025-02-07 18:33:09;1;1797;""yq"";""1"";1;1"
"2025-02-07 18:34:02;1;1798;""yO"";""2"";1;0"
"2025-02-07 18:56:44;1;1799;""1D"";""1"";1;0"
"2025-02-07 18:57:28;1;1800;""Ye"";""2"";1;1"
"2025-02-07 19:00:14;1;1801;""BC"";""1"";1;1"
"2025-02-07 19:54:21;1;1802;""5d"";""2"";1;0"
"2025-02-08 04:27:06;1;1803;""Mi"";""1"";1;0"
"2025-02-08 05:49:19;1;1804;""Yf"";""2"";1;1"
"2025-02-08 09:58:32;1;1805;""VX"";""1"";1;1"
"2025-02-08 12:00:09;1;1806;""hR"";""2"";1;0"
"2025-02-08 12:48:26;1;1807;""9u"";""1"";1;0"
"2025-02-08 14:30:57;1;1808;""47"";""2"";1;1"
"2025-02-08 15:27:49;1;1809;""ed"";""1"";1;1"
"2025-02-08 15:44:25;1;1810;""LB"";""2"";1;0"
"2025-02-08 16:35:15;1;1811;""J9"";""1"";1;0"
"2025-02-08 16:40:42;1;1812;""Fu"";""2"";1;1"
"2025-02-08 16:49:22;1;1813;""8u"";""1"";1;1"
"2025-02-08 17:02:37;1;1814;""Pe"";""2"";1;0"
"2025-02-08 17:03:05;1;1815;""YB"";""1"";1;0"
"2025-02-09 05:59:24;1;1816;""2i"";""2"";1;1"
"2025-02-09 07:26:03;1;1817;""eH"";""1"";1;1"
"2025-02-09 07:31:57;1;1818;""iG"";""2"";1;0"
"2025-02-09 15:18:36;1;1819;""Dy"";""1"";1;0"
"2025-02-09 15:36:31;1;1820;""Da"";""2"";1;1"
"2025-02-09 15:51:22;1;1821;""6X"";""1"";1;1"
"2025-02-10 00:57:15;1;1822;""Hi"";""2"";1;0"
"2025-02-10 02:08:45;1;1823;""Av"";""1"";1;0"
"2025-02-10 02:09:39;1;1824;""gs"";""2"";1;1"
"2025-02-10 03:19:40;1;1825;""4n"";""1"";1;1"
"2025-02-10 07:36:19;1;1826;""R5"";""2"";1;0"
"2025-02-10 07:39:09;1;1827;""bZ"";""1"";1;0"
"2025-02-10 08:58:55;1;1828;""L3"";""2"";1;1"
"2025-02-10 09:00:08;1;1829;""0h"";""1"";1;1"
"2025-02-10 13:54:28;1;1830;""l1"";""2"";1;0"
"2025-02-11 03:34:35;1;1831;""WK"";""1"";1;0"
"2025-02-11 05:55:19;1;1832;""7N"";""2"";1;1"
"2025-02-11 06:39:49;1;1833;""HS"";""1"";1;1"
"2025-02-11 06:40:07;1;1834;""qR"";""2"";1;0"
"2025-02-11 06:46:10;1;1835;""KD"";""1"";1;0"
"2025-02-11 06:57:32;1;1836;""ib"";""2"";1;1"
"2025-02-11 07:52:55;1;1837;""9z"";""1"";1;1"
"2025-02-11 08:24:31;1;1838;""bf"";""2"";1;0"
"2025-02-11 10:28:21;1;1839;""DJ"";""1"";1;0"
"2025-02-11 13:41:27;1;1840;""3F"";""2"";1;1"
"2025-02-11 15:27:57;1;1841;""qB"";""1"";1;1"
"2025-02-11 15:27:59;1;1842;""LE"";""2"";1;0"
"2025-02-11 16:16:06;1;1843;""d8"";""1"";1;0"
"2025-02-11 16:34:09;1;1844;""N1"";""2"";1;1"
"2025-02-11 16:34:21;1;1845;""n9"";""1"";1;1"
"2025-02-11 16:34:31;1;1846;""5i"";""2"";1;0"
"2025-02-11 16:34:43;1;1847;""xs"";""1"";1;0"
"2025-02-12 03:56:37;1;1848;""fL"";""2"";1;1"
"2025-02-12 04:23:41;1;1849;""HD"";""1"";1;1"
"2025-02-12 05:46:35;1;1850;""If"";""2"";1;0"
"2025-02-12 07:17:34;1;1851;""Gh"";""1"";1;0"
"2025-02-12 07:46:27;1;1852;""rA"";""2"";1;1"
"2025-02-12 08:00:12;1;1853;""Ns"";""1"";1;1"
"2025-02-12 08:01:32;1;1854;""Q9"";""2"";1;0"
"2025-02-12 08:21:50;1;1855;""iy"";""1"";1;0"
"2025-02-12 09:55:44;1;1856;""Xb"";""2"";1;1"
"2025-02-12 11:13:33;1;1857;""Js"";""1"";1;1"
"2025-02-12 12:01:49;1;1858;""8P"";""2"";1;0"
"2025-02-12 12:05:51;1;1859;""et"";""1"";1;0"
"2025-02-12 12:26:36;1;1860;""ZQ"";""2"";1;1"
"2025-02-12 12:37:36;1;1861;""Vm"";""1"";1;1"
"2025-02-12 13:08:32;1;1862;""6G"";""2"";1;0"
"2025-02-12 13:12:29;1;1863;""15"";""1"";1;0"
"2025-02-12 13:12:30;1;1864;""U5"";""2"";1;1"
"2025-02-12 13:14:11;1;1865;""8S"";""1"";1;1"
"2025-02-12 13:14:24;1;1866;""4O"";""2"";1;0"
"2025-02-12 13:19:48;1;1867;""qN"";""1"";1;0"
"2025-02-12 13:20:44;1;1868;""i7"";""2"";1;1"
"2025-02-12 13:20:49;1;1869;""af"";""1"";1;1"
"2025-02-12 13:21:18;1;1870;""VQ"";""2"";1;0"
"2025-02-12 13:23:27;1;1871;""a4"";""1"";1;0"
"2025-02-12 13:24:17;1;1872;""oZ"";""2"";1;1"
"2025-02-12 13:27:54;1;1873;""Ki"";""1"";1;1"
"2025-02-12 13:31:42;1;1874;""1f"";""2"";1;0"
"2025-02-12 13:35:33;1;1875;""1w"";""1"";1;0"
"2025-02-12 13:39:24;1;1876;""m8"";""2"";1;1"
"2025-02-12 13:43:57;1;1877;""q3"";""1"";1;1"
"2025-02-12 13:46:32;1;1878;""hw"";""2"";1;0"
"2025-02-12 13:46:59;1;1879;""Ik"";""1"";1;0"
"2025-02-12 13:50:54;1;1880;""FO"";""2"";1;1"
"2025-02-12 13:50:59;1;1881;""Zb"";""1"";1;1"
"2025-02-12 13:51:42;1;1882;""C1"";""2"";1;0"
"2025-02-12 13:52:21;1;1883;""KY"";""1"";1;0"
"2025-02-12 13:55:25;1;1884;""5z"";""2"";1;1"
"2025-02-12 13:58:13;1;1885;""JW"";""1"";1;1"
"2025-02-12 14:04:30;1;1886;""RW"";""2"";1;0"
"2025-02-12 14:04:31;1;1887;""9k"";""1"";1;0"
"2025-02-12 14:38:04;1;1888;""a3"";""2"";1;1"
"2025-02-12 14:51:40;1;1889;""Pn"";""1"";1;1"
"2025-02-12 15:31:40;1;1890;""EA"";""2"";1;0"
"2025-02-12 15:49:06;1;1891;""M5"";""1"";1;0"
"2025-02-12 16:35:00;1;1892;""JF"";""2"";1;1"
"2025-02-12 17:59:28;1;1893;""Wy"";""1"";1;1"
"2025-02-12 17:59:36;1;1894;""c3"";""2"";1;0"
"2025-02-12 18:15:32;1;1895;""rK"";""1"";1;0"
"2025-02-12 18:15:39;1;1896;""UQ"";""2"";1;1"
"2025-02-12 18:32:05;1;1897;""h1"";""1"";1;1"
"2025-02-12 18:33:49;1;1898;""e3"";""2"";1;0"
"2025-02-12 18:45:29;1;1899;""ZT"";""1"";1;0"
"2025-02-12 18:54:20;1;1900;""w5"";""2"";1;1"
"2025-02-12 18:55:59;1;1901;""0f"";""1"";1;1"
"2025-02-12 19:12:20;1;1902;""hX"";""2"";1;0"
"2025-02-12 19:12:32;1;1903;""st"";""1"";1;0"
"2025-02-12 19:30:55;1;1904;""tE"";""2"";1;1"
"2025-02-12 19:31:04;1;1905;""tI"";""1"";1;1"
"2025-02-12 22:01:29;1;1906;""fI"";""2"";1;0"
"2025-02-12 22:01:40;1;1907;""Rr"";""1"";1;0"
"2025-02-12 22:14:00;1;1908;""SA"";""2"";1;1"
"2025-02-12 22:17:46;1;1909;""a1"";""1"";1;1"
"2025-02-12 22:19:10;1;1910;""y5"";""2"";1;0"
"2025-02-12 22:27:45;1;1911;""XY"";""1"";1;0"
"2025-02-12 22:28:25;1;1912;""XH"";""2"";1;1"
"2025-02-12 22:37:05;1;1913;""Rl"";""1"";1;1"
"2025-02-13 02:55:38;1;1914;""um"";""2"";1;0"
"2025-02-13 03:03:51;1;1915;""FA"";""1"";1;0"
"2025-02-13 06:38:32;1;1916;""s8"";""2"";1;1"
"2025-02-13 06:49:49;1;1917;""6c"";""1"";1;1"
"2025-02-13 06:51:44;1;1918;""p6"";""2"";1;0"
"2025-02-13 06:54:13;1;1919;""jO"";""1"";1;0"
"2025-02-13 07:08:11;1;1920;""Ur"";""2"";1;1"
"2025-02-13 07:36:17;1;1921;""9M"";""1"";1;1"
"2025-02-13 08:03:24;1;1922;""hH"";""2"";1;0"
"2025-02-13 09:57:58;1;1923;""5W"";""1"";1;0"
"2025-02-13 10:12:25;1;1924;""lg"";""2"";1;1"
"2025-02-13 10:52:34;1;1925;""sG"";""1"";1;1"
"2025-02-13 11:15:20;1;1926;""bS"";""2"";1;0"
"2025-02-13 11:16:45;1;1927;""tp"";""1"";1;0"
"2025-02-13 11:22:45;1;1928;""g6"";""2"";1;1"
"2025-02-13 11:36:49;1;1929;""Hg"";""1"";1;1"
"2025-02-13 11:41:20;1;1930;""1o"";""2"";1;0"
"2025-02-13 12:15:45;1;1931;""F0"";""1"";1;0"
"2025-02-13 12:40:26;1;1932;""Y3"";""2"";1;1"
"2025-02-13 12:47:57;1;1933;""t8"";""1"";1;1"
"2025-02-13 12:57:08;1;1934;""89"";""2"";1;0"
"2025-02-13 13:01:00;1;1935;""Ux"";""1"";1;0"
"2025-02-13 13:08:55;1;1936;""Ez"";""2"";1;1"
"2025-02-13 13:17:17;1;1937;""94"";""1"";1;1"
"2025-02-13 13:32:34;1;1938;""aj"";""2"";1;0"
"2025-02-13 14:03:21;1;1939;""BQ"";""1"";1;0"
"2025-02-13 14:14:38;1;1940;""Hm"";""2"";1;1"
"2025-02-13 14:23:50;1;1941;""CH"";""1"";1;1"
"2025-02-13 14:42:39;1;1942;""nK"";""2"";1;0"
"2025-02-13 14:51:25;1;1943;""9Y"";""1"";1;0"
"2025-02-13 15:05:32;1;1944;""xR"";""2"";1;1"
"2025-02-13 15:06:26;1;1945;""57"";""1"";1;1"
"2025-02-13 15:15:34;1;1946;""T5"";""2"";1;0"
"2025-02-13 15:25:10;1;1947;""Ri"";""1"";1;0"
"2025-02-13 15:25:32;1;1948;""iE"";""2"";1;1"
"2025-02-13 15:46:23;1;1949;""1n"";""1"";1;1"
"2025-02-13 16:13:01;1;1950;""Tz"";""2"";1;0"
"2025-02-13 16:15:53;1;1951;""3B"";""1"";1;0"
"2025-02-13 16:45:26;1;1952;""75"";""2"";1;1"
"2025-02-13 16:54:10;1;1953;""Pv"";""1"";1;1"
"2025-02-13 17:04:36;1;1954;""wH"";""2"";1;0"
"2025-02-13 17:04:46;1;1955;""iM"";""1"";1;0"
"2025-02-13 17:20:35;1;1956;""VZ"";""2"";1;1"
"2025-02-13 17:21:30;1;1957;""IW"";""1"";1;1"
"2025-02-13 17:33:33;1;1958;""rU"";""2"";1;0"
"2025-02-13 17:34:49;1;1959;""v6"";""1"";1;0"
"2025-02-13 23:24:23;1;1960;""u9"";""2"";1;1"
"2025-02-14 00:14:27;1;1961;""rT"";""1"";1;1"
"2025-02-14 01:40:41;1;1962;""Qp"";""2"";1;0"
"2025-02-14 01:56:55;1;1963;""ly"";""1"";1;0"
"2025-02-14 02:23:00;1;1964;""2W"";""2"";1;1"
"2025-02-14 03:15:02;1;1965;""6p"";""1"";1;1"
"2025-02-14 03:26:47;1;1966;""oY"";""2"";1;0"
"2025-02-14 03:35:30;1;1967;""N7"";""1"";1;0"
"2025-02-14 03:49:06;1;1968;""pm"";""2"";1;1"
"2025-02-14 04:00:43;1;1969;""lI"";""1"";1;1"
"2025-02-14 04:08:45;1;1970;""Jn"";""2"";1;0"
"2025-02-14 04:24:50;1;1971;""TO"";""1"";1;0"
"2025-02-14 05:02:15;1;1972;""ox"";""2"";1;1"
"2025-02-14 05:24:30;1;1973;""Co"";""1"";1;1"
"2025-02-14 06:49:38;1;1974;""92"";""2"";1;0"
"2025-02-14 06:58:11;1;1975;""ID"";""1"";1;0"
"2025-02-14 07:07:49;1;1976;""kN"";""2"";1;1"
"2025-02-14 07:18:12;1;1977;""kz"";""1"";1;1"
"2025-02-14 07:26:09;1;1978;""62"";""2"";1;0"
"2025-02-14 07:33:09;1;1979;""56"";""1"";1;0"
"2025-02-14 07:40:56;1;1980;""cX"";""2"";1;1"
"2025-02-14 07:55:56;1;1981;""YC"";""1"";1;1"
"2025-02-14 08:01:59;1;1982;""VK"";""2"";1;0"
"2025-02-14 08:17:08;1;1983;""8a"";""1"";1;0"
"2025-02-14 08:32:57;1;1984;""O7"";""2"";1;1"
"2025-02-14 08:39:25;1;1985;""84"";""1"";1;1"
"2025-02-14 08:44:54;1;1986;""Km"";""2"";1;0"
"2025-02-14 09:28:11;1;1987;""B4"";""1"";1;0"
"2025-02-14 14:09:34;1;1988;""PY"";""2"";1;1"
"2025-02-14 15:45:08;1;1989;""h6"";""1"";1;1"
"2025-02-14 21:20:41;1;1990;""2K"";""2"";1;0"
"2025-02-14 21:22:44;1;1991;""74"";""1"";1;0"
"2025-02-15 00:19:56;1;1992;""6a"";""2"";1;1"
"2025-02-15 00:31:01;1;1993;""tG"";""1"";1;1"
"2025-02-16 02:28:04;1;1994;""DQ"";""2"";1;0"
"2025-02-17 11:39:17;1;1995;""7A"";""1"";1;0"
"2025-02-17 12:08:36;1;1996;""HA"";""2"";1;1"
"2025-02-17 12:34:12;1;1997;""Ld"";""1"";1;1"
